id,base,cat,status,detail,source,observed_forms,smart_class,matching_classes,gender
armë_N,armë,N,BLOCKED_INSUFFICIENT_EVIDENCE,smart=mkN072; matching numbered classes=24,Tosk reference,armët,mkN072,"mkN023,mkN032,mkN039,mkN040,mkN076,mkN094,mkN100,mkN118,mkN140,mkN146,mkN148,mkN154,mkN173,mkN175,mkN201,mkN203,mkN233,mkN235,mkN300,mkN324,mkN470,mkN476,mkN527,mkN540",feminine
asfalt_N,asfalt,N,BLOCKED_INSUFFICIENT_EVIDENCE,smart=mkN074; matching numbered classes=75,Tosk reference,asfaltin,mkN074,"mkN001,mkN002,mkN003,mkN004,mkN005,mkN007,mkN012,mkN013,mkN016,mkN017,mkN019,mkN020,mkN026,mkN027,mkN031,mkN033,mkN044,mkN045,mkN046,mkN056,mkN061,mkN067,mkN069,mkN070,mkN108,mkN113,mkN120,mkN121,mkN125,mkN131,mkN138,mkN139,mkN143,mkN145,mkN147,mkN158,mkN162,mkN192,mkN242,mkN243,mkN256,mkN268,mkN272,mkN273,mkN274,mkN294,mkN296,mkN326,mkN329,mkN333,mkN336,mkN343,mkN357,mkN373,mkN415,mkN417,mkN421,mkN425,mkN431,mkN444,mkN448,mkN458,mkN471,mkN482,mkN493,mkN498,mkN500,mkN516,mkN517,mkN518,mkN521,mkN522,mkN524,mkN526,mkN530",masculine
atdhe_N,atdhe,N,BLOCKED_INSUFFICIENT_EVIDENCE,smart=mkN149; matching numbered classes=35,Tosk reference,atdheut,mkN149,"mkN010,mkN014,mkN018,mkN025,mkN034,mkN038,mkN041,mkN047,mkN052,mkN055,mkN064,mkN066,mkN074,mkN082,mkN090,mkN098,mkN107,mkN111,mkN135,mkN151,mkN178,mkN179,mkN180,mkN198,mkN225,mkN230,mkN236,mkN247,mkN251,mkN277,mkN307,mkN329,mkN479,mkN541,mkN545",masculine
barazi_N,barazi,N,BLOCKED_INSUFFICIENT_EVIDENCE,smart=mkN152; matching numbered classes=12,Tosk reference,"barazinë,barazisë",mkN152,"mkN008,mkN023,mkN024,mkN059,mkN060,mkN080,mkN118,mkN190,mkN232,mkN349,mkN388,mkN459",feminine
besnikëri_N,besnikëri,N,BLOCKED_INSUFFICIENT_EVIDENCE,smart=mkN152; matching numbered classes=15,Tosk reference,besnikërinë,mkN152,"mkN008,mkN023,mkN024,mkN059,mkN060,mkN080,mkN106,mkN118,mkN190,mkN232,mkN349,mkN388,mkN459,mkN552,mkN554",feminine
drejtësi_N,drejtësi,N,BLOCKED_INSUFFICIENT_EVIDENCE,smart=mkN152; matching numbered classes=12,Tosk reference,drejtësisë,mkN152,"mkN008,mkN023,mkN024,mkN059,mkN060,mkN080,mkN118,mkN190,mkN232,mkN349,mkN388,mkN459",feminine
ekonomi_N,ekonomi,N,BLOCKED_INSUFFICIENT_EVIDENCE,smart=mkN152; matching numbered classes=12,Tosk reference,ekonomisë,mkN152,"mkN008,mkN023,mkN024,mkN059,mkN060,mkN080,mkN118,mkN190,mkN232,mkN349,mkN388,mkN459",feminine
femër_N,femër,N,BLOCKED_INSUFFICIENT_EVIDENCE,smart=mkN166; matching numbered classes=9,Tosk reference,femrave,mkN166,"mkN112,mkN137,mkN234,mkN305,mkN402,mkN414,mkN441,mkN454,mkN477",feminine
filloj_V,filloj,V,BLOCKED_INSUFFICIENT_EVIDENCE,smart=mkV028; matching numbered classes=0,Tosk reference,"fillojë,filluan,filluar",mkV028,,
himn_N,himn,N,BLOCKED_INSUFFICIENT_EVIDENCE,smart=mkN034; matching numbered classes=105,Tosk reference,himni,mkN034,"mkN001,mkN002,mkN003,mkN004,mkN005,mkN007,mkN012,mkN013,mkN016,mkN017,mkN019,mkN020,mkN026,mkN027,mkN031,mkN033,mkN044,mkN045,mkN046,mkN054,mkN056,mkN061,mkN066,mkN067,mkN069,mkN070,mkN084,mkN089,mkN103,mkN105,mkN108,mkN113,mkN120,mkN121,mkN124,mkN125,mkN126,mkN127,mkN131,mkN138,mkN139,mkN143,mkN145,mkN147,mkN158,mkN162,mkN192,mkN198,mkN221,mkN231,mkN236,mkN242,mkN243,mkN256,mkN258,mkN262,mkN268,mkN272,mkN273,mkN274,mkN278,mkN293,mkN299,mkN307,mkN318,mkN326,mkN329,mkN333,mkN336,mkN343,mkN356,mkN357,mkN359,mkN373,mkN389,mkN393,mkN399,mkN400,mkN403,mkN415,mkN417,mkN421,mkN425,mkN429,mkN431,mkN444,mkN448,mkN456,mkN458,mkN464,mkN471,mkN482,mkN490,mkN493,mkN498,mkN500,mkN511,mkN516,mkN517,mkN518,mkN521,mkN522,mkN524,mkN526,mkN530",masculine
lag_V,lag,V,BLOCKED_INSUFFICIENT_EVIDENCE,smart=mkV001; matching numbered classes=11,Tosk reference,lagte,mkV001,"mkV013,mkV017,mkV018,mkV029,mkV033,mkV064,mkV114,mkV115,mkV117,mkV127,mkV134",
lart_A,lart,A,BLOCKED_INSUFFICIENT_EVIDENCE,smart=mkA001; matching numbered classes=3,Tosk reference,lartë,mkA001,"mkA002,mkA004,mkA010",feminine
mbretëri_N,mbretëri,N,BLOCKED_INSUFFICIENT_EVIDENCE,smart=mkN152; matching numbered classes=12,Tosk reference,mbretërisë,mkN152,"mkN008,mkN023,mkN024,mkN059,mkN060,mkN080,mkN118,mkN190,mkN232,mkN349,mkN388,mkN459",feminine
mur_N,mur,N,BLOCKED_INSUFFICIENT_EVIDENCE,smart=mkN031; matching numbered classes=22,Tosk reference,muret,mkN031,"mkN001,mkN002,mkN005,mkN027,mkN033,mkN038,mkN056,mkN074,mkN084,mkN085,mkN086,mkN111,mkN139,mkN225,mkN403,mkN417,mkN431,mkN444,mkN448,mkN471,mkN518,mkN522",masculine
ndarje_N,ndarje,N,BLOCKED_SOURCE_CONFLICT,"recorded masculine gender conflicts with all evidence-matching classes, which are feminine",Tosk reference,ndarjes,mkN188,"mkN063,mkN228,mkN310,mkN328",masculine
ndërsë_N,ndërsë,N,BLOCKED_SOURCE_CONFLICT,lemma/orthography in source row conflicts with observed form family; manual source review required,Tosk reference,ndërtesat,mkN109,,feminine
njeri_N,njeri,N,BLOCKED_INSUFFICIENT_EVIDENCE,smart=mkN059; matching numbered classes=36,Tosk reference,"njeriu,njeriut",mkN059,"mkN010,mkN014,mkN018,mkN025,mkN034,mkN038,mkN041,mkN047,mkN052,mkN055,mkN064,mkN066,mkN074,mkN082,mkN090,mkN098,mkN107,mkN111,mkN135,mkN151,mkN178,mkN179,mkN180,mkN198,mkN200,mkN225,mkN230,mkN236,mkN247,mkN251,mkN277,mkN307,mkN329,mkN479,mkN541,mkN545",masculine
nënshkruaj_V,nënshkruaj,V,BLOCKED_INSUFFICIENT_EVIDENCE,smart=mkV007; matching numbered classes=13,Tosk reference,nënshkruan,mkV007,"mkV024,mkV032,mkV038,mkV042,mkV044,mkV047,mkV068,mkV071,mkV093,mkV094,mkV095,mkV132,mkV133",
pranvëre_N,pranvëre,N,BLOCKED_SOURCE_CONFLICT,lemma/orthography in source row conflicts with observed form family; manual source review required,Tosk reference,pranverë,mkN028,,feminine
përziej_V,përziej,V,BLOCKED_INSUFFICIENT_EVIDENCE,smart=mkV047; matching numbered classes=2,Tosk reference,përzier,mkV047,"mkV044,mkV105",masculine
qull_V,qull,V,BLOCKED_INSUFFICIENT_EVIDENCE,smart=mkV001; matching numbered classes=3,Tosk reference,qullur,mkV001,"mkV018,mkV117,mkV134",
rom_A,rom,A,BLOCKED_INSUFFICIENT_EVIDENCE,smart=none; matching numbered classes=6,Tosk reference,rome,,"mkA001,mkA004,mkA015,mkA019,mkA020,mkA031",feminine
shetëror_A,shetëror,A,BLOCKED_SOURCE_CONFLICT,lemma/orthography in source row conflicts with observed form family; manual source review required,Tosk reference,shtetëror,mkA004,,masculine
shoqëri_N,shoqëri,N,BLOCKED_INSUFFICIENT_EVIDENCE,smart=mkN152; matching numbered classes=12,Tosk reference,shoqërisë,mkN152,"mkN008,mkN023,mkN024,mkN059,mkN060,mkN080,mkN118,mkN190,mkN232,mkN349,mkN388,mkN459",feminine
Shqipëri_N,Shqipëri,N,BLOCKED_INSUFFICIENT_EVIDENCE,smart=mkN152; matching numbered classes=12,Tosk reference,"Shqipëri,Shqipërisë",mkN152,"mkN008,mkN023,mkN024,mkN059,mkN060,mkN080,mkN118,mkN190,mkN232,mkN349,mkN388,mkN459",feminine
simbol_N,simbol,N,BLOCKED_INSUFFICIENT_EVIDENCE,smart=mkN020; matching numbered classes=26,Tosk reference,"simbolet,simboleve",mkN020,"mkN001,mkN002,mkN005,mkN027,mkN033,mkN038,mkN056,mkN060,mkN073,mkN074,mkN084,mkN085,mkN086,mkN111,mkN139,mkN205,mkN225,mkN331,mkN403,mkN417,mkN431,mkN432,mkN444,mkN448,mkN471,mkN522",ambigeneric
svetigradas_N,svetigradas,N,BLOCKED_SOURCE_CONFLICT,lemma/orthography in source row conflicts with observed form family; manual source review required,Tosk reference,sfetigradas,mkN070,,masculine
tjetër_N,tjetër,N,BLOCKED_INSUFFICIENT_EVIDENCE,smart=mkN137; matching numbered classes=0,Tosk reference,tjerave,mkN137,,masculine
varem_V,varem,V,BLOCKED_INSUFFICIENT_EVIDENCE,smart=mkV055; matching numbered classes=2,Tosk reference,varet,mkV055,"mkV041,mkV061",
vulos_V,vulos,V,BLOCKED_INSUFFICIENT_EVIDENCE,smart=mkV001; matching numbered classes=4,Tosk reference,vulosur,mkV001,"mkV018,mkV100,mkV117,mkV134",masculine
xhade_N,xhade,N,BLOCKED_INSUFFICIENT_EVIDENCE,smart=mkN028; matching numbered classes=9,Tosk reference,xhadesë,mkN028,"mkN008,mkN023,mkN024,mkN059,mkN060,mkN080,mkN118,mkN190,mkN232",feminine
zëmër_N,zëmër,N,BLOCKED_INSUFFICIENT_EVIDENCE,smart=mkN166; matching numbered classes=9,Tosk reference,zëmrat,mkN166,"mkN112,mkN137,mkN234,mkN305,mkN414,mkN441,mkN454,mkN477,mkN488",feminine
