section	symbol	english	sqi	english_lines	sqi_lines
Parameters	Gender	True	True	39:Gender : Type ; | 41:human     : Gender ; | 42:nonhuman  : Gender ; | 43:masculine : Gender ; --% | 44:feminine : Gender ; --% | 92:mkN : Gender -> N -> N ;  -- default nonhuman	5:Gender : Type = ResSqi.Gender ; | 8:masculine : Gender = Masc ; | 9:feminine  : Gender = Fem ; | 1227:mkNFull : NForms -> Gender -> N = \f,g -> lin N { | 1269:mkPN : Str -> Gender -> PN = \x,g -> lin PN { | 1272:mkPN : Str -> Str -> Str -> Str -> Gender -> PN = \nom,acc,dat,abl,g -> lin PN {
Parameters	Number	True	True	48:Number : Type ; | 50:singular : Number ; | 51:plural   : Number ; | 66:npNumber : NP -> Number ; -- exctract the number of a noun phrase | 150:mkLN : Str -> Number -> LN = \s,n -> | 272:mkConj : Str -> Number -> Conj ;        -- or (agrement number given as argument) --%	11:singular : Number = Sg ; | 12:plural   : Number = Pl ; | 1285:mkLN : Str -> Gender -> Number -> LN = \x,g,n -> lin LN { | 1288:mkLN : Str -> Str -> Str -> Str -> Gender -> Number -> LN = \nom,acc,dat,abl,g,n -> lin LN { | 1334:(pres,past,aor,imperf,subj,presOpt,perfOpt,presAdm,imperfAdm : Number => Person => Str) -> | 1335:(imp : Number => Str) -> Str -> V =
Parameters	Case	True	True	55:Case : Type ; --% | 57:nominative : Case ; --% | 58:genitive   : Case ; --% | 419:Case = ResEng.NPCase ;	6:Case   : Type = ResSqi.Case ; | 14:nominative : Case = Nom ; | 15:accusative : Case = Acc ; | 16:dative     : Case = Dat ; | 17:ablative   : Case = Ablat ; | 19:invariantCase : Str -> (Case => Str) = \x -> table {
Parameters	singular	True	True	50:singular : Number ; | 426:singular = Sg ; | 514:nounPN n = lin PN {s = n.s ! singular ; g = n.g} ;	11:singular : Number = Sg ;
Parameters	plural	True	True	51:plural   : Number ; | 80:mkN : (flash : Str) -> N ;  -- plural s, incl. flash-flashes, fly-flies | 84:mkN : (man,men : Str) -> N ; -- irregular plural | 271:mkConj : Str -> Conj ;                  -- and (plural agreement) --% | 273:mkConj : Str -> Str -> Conj ;           -- both ... and (plural) --% | 427:plural = Pl ;	12:plural   : Number = Pl ;
Parameters	nominative	True	True	57:nominative : Case ; --% | 428:nominative = npNom ;	14:nominative : Case = Nom ;
Parameters	genitive	True	False	58:genitive   : Case ; --% | 429:genitive = npGen ;	
Parameters	npNumber	True	False	66:npNumber : NP -> Number ; -- exctract the number of a noun phrase | 431:npNumber np = (fromAgr np.a).n ;	
Nouns	mkN	True	True	74:mkN : overload { | 80:mkN : (flash : Str) -> N ;  -- plural s, incl. flash-flashes, fly-flies | 84:mkN : (man,men : Str) -> N ; -- irregular plural | 88:mkN : (man,men,man's,men's : Str) -> N ; -- irregular genitives | 92:mkN : Gender -> N -> N ;  -- default nonhuman | 99:mkN : Str -> N -> N -- e.g. baby + boom	1244:mkN = overload { | 1245:mkN : Str -> N = regN;   -- s;Indef;Nom;Sg | 1246:mkN : Str -> Str -> N = reg2N   -- s;Indef;Nom;Sg  s;Indef;Nom;Pl | 1255:mkN2 : Str -> N2 = \x -> mkN2Core (mkN x) noPrep ; | 1256:mkN2 : Str -> Prep -> N2 = \x,p -> mkN2Core (mkN x) p ; | 1257:mkN2 : Str -> Str -> N2 = \x,p -> mkN2Core (mkN x) (mkPrep p) ;
Nouns	verbalN	True	False	106:verbalN : V -> N ; -- e.g. sing -> singing | 472:verbalN v =	
Nouns	mkN2	True	True	"111:mkN2 : overload { | 112:mkN2 : Str -> N2 ; -- reg. noun, prep. ""of"" --% | 113:mkN2 : N -> N2 ; -- e.g. wife of (default prep. to) | 114:mkN2 : N -> Str -> N2 ; -- access to --% | 115:mkN2 : N -> Prep -> N2 ; -- e.g. access to | 116:mkN2 : Str -> Str -> N2 ; -- access to (regular noun) --%"	1252:mkN2 = overload { | 1253:mkN2 : N -> N2 = \n -> mkN2Core n noPrep ; | 1254:mkN2 : N -> Prep -> N2 = \n,p -> mkN2Core n p ; | 1255:mkN2 : Str -> N2 = \x -> mkN2Core (mkN x) noPrep ; | 1256:mkN2 : Str -> Prep -> N2 = \x,p -> mkN2Core (mkN x) p ; | 1257:mkN2 : Str -> Str -> N2 = \x,p -> mkN2Core (mkN x) (mkPrep p) ;
Nouns	mkN3	True	True	124:mkN3 : N -> Prep -> Prep -> N3 ; -- e.g. connection from x to y | 498:mkN3 = \n,p,q -> lin N3 (n ** {c2 = p.s ; c3 = q.s}) ;	1260:mkN3 : N -> Prep -> Prep -> N3 = \n,p2,p3 ->
Names	mkPN	True	True	133:mkPN : overload { | 135:mkPN : Str -> PN ; | 136:mkPN : Str -> Gender -> PN ; | 140:mkPN : N -> PN --% | 481:mkPN = overload { | 482:mkPN : Str -> PN = regPN ;	1265:mkPN = overload { | 1266:mkPN : Str -> PN = \x -> lin PN { | 1269:mkPN : Str -> Gender -> PN = \x,g -> lin PN { | 1272:mkPN : Str -> Str -> Str -> Str -> Gender -> PN = \nom,acc,dat,abl,g -> lin PN { | 1276:mkPN : N -> PN = \n -> lin PN {
Names	mkLN	True	True	143:mkLN = overload { | 144:mkLN : Str -> LN = \s -> | 150:mkLN : Str -> Number -> LN = \s,n ->	1281:mkLN = overload { | 1282:mkLN : Str -> LN = \x -> lin LN { | 1285:mkLN : Str -> Gender -> Number -> LN = \x,g,n -> lin LN { | 1288:mkLN : Str -> Str -> Str -> Str -> Gender -> Number -> LN = \nom,acc,dat,abl,g,n -> lin LN {
Names	defLN	True	False	157:defLN : LN -> LN = \n -> n ** {art = True} ;	
Names	onLN	True	False	158:onLN : LN -> LN = \n -> n ** {prep = OnPrep} ;	
Names	atLN	True	False	159:atLN : LN -> LN = \n -> n ** {prep = AtPrep} ;	
Names	mkGN	True	True	161:mkGN = overload { | 162:mkGN : Str -> GN = \s -> | 166:mkGN : Str -> Sex -> GN = \s,g ->	1294:mkGN = overload { | 1295:mkGN : Str -> GN = \x -> lin GN {s=invariantCase x ; g=Masc} ; | 1296:mkGN : Str -> Gender -> GN = \x,g -> lin GN {s=invariantCase x ; g=g} ; | 1297:mkGN : Str -> Str -> Str -> Str -> Gender -> GN = \nom,acc,dat,abl,g -> lin GN {
Names	mkSN	True	True	171:mkSN = overload { | 172:mkSN : Str -> SN = \s -> | 175:mkSN : Str -> Str -> Str -> SN = \male,female,pl ->	1302:mkSN = overload { | 1303:mkSN : Str -> SN = \x -> lin SN { | 1306:mkSN : Str -> Str -> Str -> SN = \male,female,pl -> lin SN {
Nominal	mkQuant	True	True	192:mkQuant : overload { | 193:mkQuant : (this, these : Str) -> Quant ; --% | 194:mkQuant : (no_sg, no_pl, none_sg, non_pl : Str) -> Quant ; --% | 516:mkQuant = overload { | 517:mkQuant : (this, these : Str) -> Quant = \sg,pl -> mkQuantifier sg pl sg pl sg pl; | 518:mkQuant : (no_sg, no_pl, none_sg, non_pl : Str) -> Quant = \sg,pl,sg',pl' -> mkQuantifier sg pl sg' pl' sg' pl';	1513:oper mkQuant : (_,_,_,_,_,_,_,_,_,_,_,_,_,_,_,_ : Str) -> Quant =
Nominal	mkOrd	True	True	197:mkOrd : Str -> Ord ; --% | 530:mkOrd : Str -> Ord = \x -> lin Ord { s = regGenitiveS x};	1492:mkOrd : Str -> Ord = \x -> lin Ord {s=\\_,_,_=>x} ;
Adjectives	mkA	True	True	201:mkA : overload { | 207:mkA : (happy : Str) -> A ; -- regular adj, incl. happy-happier, rude-ruder | 212:mkA : (fat,fatter : Str) -> A ; -- irreg. comparative | 216:mkA : (good,better,best,well : Str) -> A  -- completely irreg. | 741:mkA = overload { | 742:mkA : Str -> A = \s -> lin A (regA s) ;	1312:mkA = overload { | 1313:mkA : Str -> A = regA;   -- s;Nom;Masc;Sg | 1314:mkA : Str -> Str -> A = reg2A   -- s;Nom;Masc;Sg  s;Nom;Masc;Pl | 1325:mkA2 : Str -> A2 = \a -> mkA2Core (mkA a) noPrep ; | 1326:mkA2 : Str -> Prep -> A2 = \a,p -> mkA2Core (mkA a) p ; | 1327:mkA2 : Str -> Str -> A2 = \a,p -> mkA2Core (mkA a) (mkPrep p) ;
Adjectives	compoundA	True	False	223:compoundA : A -> A ; -- force comparison with more/most | 754:compoundA = compoundADeg ;	
Adjectives	simpleA	True	False	224:simpleA   : A -> A ; -- force comparison with -er,-est | 755:simpleA a =	
Adjectives	irregAdv	True	False	"225:irregAdv  : A -> Str -> A ;  -- adverb irreg, e.g. ""fast"" | 759:irregAdv a adv = a ** {s = table {AAdv => adv; aform => a.s ! aform}} ;"	
Adjectives	invarA	True	False	226:invarA    : Str -> A ; -- adjective that does not vary in morphology | 749:invarA s = lin A {	
Adjectives	mkA2	True	True	230:mkA2 : overload { | 231:mkA2 : A -> Prep -> A2 ; -- absent from | 232:mkA2 : A -> Str -> A2 ; -- absent from --% | 233:mkA2 : Str -> Prep -> A2 ; -- absent from --% | 234:mkA2 : Str -> Str -> A2 -- absent from --% | 763:mkA2 = overload {	1322:mkA2 = overload { | 1323:mkA2 : A -> A2 = \a -> mkA2Core a noPrep ; | 1324:mkA2 : A -> Prep -> A2 = \a,p -> mkA2Core a p ; | 1325:mkA2 : Str -> A2 = \a -> mkA2Core (mkA a) noPrep ; | 1326:mkA2 : Str -> Prep -> A2 = \a,p -> mkA2Core (mkA a) p ; | 1327:mkA2 : Str -> Str -> A2 = \a,p -> mkA2Core (mkA a) (mkPrep p) ;
Adverbs	mkAdv	True	True	244:mkAdv : Str -> Adv ; -- e.g. today | 576:mkAdv x = lin Adv (ss x) ;	1483:mkAdv : Str -> Adv = \s -> lin Adv {s=s} ;
Adverbs	mkAdV	True	True	245:mkAdV : Str -> AdV ; -- e.g. always | 577:mkAdV x = lin AdV (ss x) ;	1484:mkAdV : Str -> AdV = \s -> lin AdV {s=s} ;
Adverbs	mkAdA	True	True	249:mkAdA  : Str -> AdA ; -- e.g. quite | 578:mkAdA x = lin AdA (ss x) ;	1485:mkAdA : Str -> AdA = \s -> lin AdA {s=s} ;
Adverbs	mkCAdv	True	True	250:mkCAdv : Str -> Str -> Str -> CAdv ;   -- more than/no more than | 581:mkCAdv sp sn p = lin CAdv {s = table Polarity [sp;sn]; p = p} ;	1487:mkCAdv = overload { | 1488:mkCAdv : Str -> CAdv = \s -> lin CAdv {s=s; p=[]} ; | 1489:mkCAdv : Str -> Str -> CAdv = \s,p -> lin CAdv {s=s; p=p}
Adverbs	mkAdN	True	True	254:mkAdN : Str -> AdN ; -- e.g. approximately | 579:mkAdN x = lin AdN (ss x) ;	1486:mkAdN : Str -> AdN = \s -> lin AdN {s=s} ;
Government	mkPrep	True	True	"261:mkPrep : Str -> Prep ; -- e.g. ""in front of"" | 489:mkN2 : N -> Str -> N2 = \n,s -> prepN2 n (mkPrep s); | 490:mkN2 : Str -> Str -> N2 = \n,s -> prepN2 (regN n) (mkPrep s); | 491:mkN2 : N -> N2         = \n -> prepN2 n (mkPrep ""of"") ; | 492:mkN2 : Str -> N2       = \s -> prepN2 (regN s) (mkPrep ""of"") | 496:regN2 n = prepN2 (regN n) (mkPrep ""of"") ;"	1257:mkN2 : Str -> Str -> N2 = \x,p -> mkN2Core (mkN x) (mkPrep p) ; | 1327:mkA2 : Str -> Str -> A2 = \a,p -> mkA2Core (mkA a) (mkPrep p) ; | 1409:mkV2 : Str -> Str -> V2 = \v,p -> mkV2Core (mkV v) (mkPrep p) ; | 1480:mkV3 : Str -> Str -> V3 = \v,p3 -> mkV3Core (mkV v) noPrep (mkPrep p3) ; | 1602:mkPrep = overload { | 1603:mkPrep : Str -> Prep = \s -> lin Prep {s=s; c=Acc} ;
Government	mkPost	True	False	"262:mkPost : Str -> Prep ; -- e.g. ""ago"" | 587:mkPost p = mkPrep p ** {"	
Government	noPrep	True	True	263:noPrep : Prep ;  -- no preposition | 377:mkV2V : V -> Prep -> Prep -> V2V ;  -- e.g. want (noPrep NP) (to VP) | 379:ingV2V : V -> Prep -> Prep -> V2V ; -- e.g. prevent (noPrep NP) (from VP-ing) | 590:noPrep = mkPrep [] ; | 651:dirV2 v = prepV2 v noPrep ; | 655:dirV3 v p = prepPrepV3 v noPrep p ;	1253:mkN2 : N -> N2 = \n -> mkN2Core n noPrep ; | 1255:mkN2 : Str -> N2 = \x -> mkN2Core (mkN x) noPrep ; | 1323:mkA2 : A -> A2 = \a -> mkA2Core a noPrep ; | 1325:mkA2 : Str -> A2 = \a -> mkA2Core (mkA a) noPrep ; | 1405:mkV2 : V -> V2 = \v -> mkV2Core v noPrep ; | 1407:mkV2 : Str -> V2 = \v -> mkV2Core (mkV v) noPrep ;
Conjunctions	mkConj	True	True	270:mkConj : overload { | 271:mkConj : Str -> Conj ;                  -- and (plural agreement) --% | 272:mkConj : Str -> Number -> Conj ;        -- or (agrement number given as argument) --% | 273:mkConj : Str -> Str -> Conj ;           -- both ... and (plural) --% | 274:mkConj : Str -> Str -> Number -> Conj ; -- either ... or (agrement number given as argument) --% | 816:mkConj = overload {	1586:mkConj : Str -> Conj = \s -> lin Conj {s=s} ;
Verbs	mkV	True	True	283:mkV : overload { | 290:mkV : (cry : Str) -> V ; -- regular, incl. cry-cries, kiss-kisses etc | 296:mkV : (stop, stopped : Str) -> V ; -- reg. with consonant duplication | 302:mkV : (drink, drank, drunk  : Str) -> V ; -- ordinary irregular | 306:mkV : (run, ran, run, running  : Str) -> V ; -- irregular with duplication --% | 312:mkV : (go, goes, went, gone, going : Str) -> V ; -- totally irregular	1396:mkV = overload { | 1397:mkV : Str -> V = regV;   -- Indicative;Pres;Sg;P1 | 1398:mkV : Str -> Str -> V = reg2V   -- Indicative;Pres;Sg;P1  participle | 1407:mkV2 : Str -> V2 = \v -> mkV2Core (mkV v) noPrep ; | 1408:mkV2 : Str -> Prep -> V2 = \v,p -> mkV2Core (mkV v) p ; | 1409:mkV2 : Str -> Str -> V2 = \v,p -> mkV2Core (mkV v) (mkPrep p) ;
Verbs	partV	True	False	323:partV  : V -> Str -> V ; -- with particle, e.g. switch + on | 639:partV v p = lin V {s = \\f => v.s ! f ; p = p ; isRefl = v.isRefl} ;	
Verbs	reflV	True	False	328:reflV  : V -> V ;  -- reflexive e.g. behave oneself | 640:reflV v = lin V {s = v.s ; p = v.p ; isRefl = True} ;	
Verbs	mkV2	True	True	339:mkV2 : overload { | 340:mkV2  : Str -> V2 ;       -- kill --% | 341:mkV2  : V -> V2 ;         -- transitive, e.g. hit | 342:mkV2  : V -> Prep -> V2 ; -- with preposiiton, e.g. believe in | 343:mkV2  : V -> Str -> V2 ;  -- believe in --% | 344:mkV2  : Str -> Prep -> V2 ; -- believe in --%	1404:mkV2 = overload { | 1405:mkV2 : V -> V2 = \v -> mkV2Core v noPrep ; | 1406:mkV2 : V -> Prep -> V2 = \v,p -> mkV2Core v p ; | 1407:mkV2 : Str -> V2 = \v -> mkV2Core (mkV v) noPrep ; | 1408:mkV2 : Str -> Prep -> V2 = \v,p -> mkV2Core (mkV v) p ; | 1409:mkV2 : Str -> Str -> V2 = \v,p -> mkV2Core (mkV v) (mkPrep p) ;
Verbs	mkV3	True	True	353:mkV3 : overload { | 354:mkV3  : V -> V3 ;                   -- ditransitive, e.g. give,_,_ | 355:mkV3  : V -> Prep -> Prep -> V3 ;   -- two prepositions, e.g. speak, with, about | 356:mkV3  : V -> Prep -> V3 ;           -- give,_,to --% | 357:mkV3  : V -> Str -> V3 ;            -- give,_,to --% | 358:mkV3  : Str -> Str -> V3 ;          -- give,_,to --%	1474:mkV3 = overload { | 1475:mkV3 : V -> V3 = \v -> mkV3Core v noPrep noPrep ; | 1476:mkV3 : V -> Prep -> V3 = \v,p3 -> mkV3Core v noPrep p3 ; | 1477:mkV3 : V -> Prep -> Prep -> V3 = mkV3Core ; | 1478:mkV3 : Str -> V3 = \v -> mkV3Core (mkV v) noPrep noPrep ; | 1479:mkV3 : Str -> Prep -> V3 = \v,p3 -> mkV3Core (mkV v) noPrep p3 ;
Verbs	mkV0	True	False	367:mkV0  : V -> V0 ; --% | 685:mkV0  v = v ;	
Verbs	mkVS	True	True	368:mkVS  : V -> VS ; -- sentence-compl e.g. say (that S) | 658:mkVS  v = lin VS v ;	1421:mkVS = overload { | 1422:mkVS : V -> VS = mkVSCore ; | 1423:mkVS : Str -> VS = \v -> mkVSCore (mkV v)
Verbs	mkVV	True	True	370:mkVV  : V -> VV ; -- e.g. want (to VP) | 659:mkVV  v = lin VV {	1417:mkVV = overload { | 1418:mkVV : V -> VV = mkVVCore ; | 1419:mkVV : Str -> VV = \v -> mkVVCore (mkV v)
Verbs	auxVV	True	False	371:auxVV : V -> VV ; -- e.g. must (VP) | 372:infVV : V -> VV ; -- e.g. must (VP) (old name of auxVV) | 664:auxVV, infVV = \v -> lin VV {	
Verbs	ingVV	True	False	373:ingVV : V -> VV ; -- e.g. start (VPing) | 673:ingVV  v = lin VV {	
Verbs	mkV2V	True	True	374:mkV2V : overload { | 375:mkV2V : Str -> V2V ; | 376:mkV2V : V -> V2V ; | 377:mkV2V : V -> Prep -> Prep -> V2V ;  -- e.g. want (noPrep NP) (to VP) | 687:mkV2V = overload { | 688:mkV2V : Str -> V2V = \s -> lin V2V (dirV2 (regV s) ** {c3 = [] ; typ = VVAux}) ;	1443:mkV2V = overload { | 1444:mkV2V : V -> V2V = \v -> mkV2VCore v noPrep noPrep ; | 1445:mkV2V : V -> Prep -> Prep -> V2V = mkV2VCore ; | 1446:mkV2V : Str -> V2V = \v -> mkV2VCore (mkV v) noPrep noPrep ; | 1447:mkV2V : Str -> Prep -> Prep -> V2V = \v,p2,p3 -> mkV2VCore (mkV v) p2 p3 ;
Verbs	ingV2V	True	False	379:ingV2V : V -> Prep -> Prep -> V2V ; -- e.g. prevent (noPrep NP) (from VP-ing) | 693:ingV2V v p t = lin V2V (prepV2 v p ** {c3 = t.s ; typ = VVPresPart}) ;	
Verbs	mkVA	True	True	380:mkVA  : V -> VA ; -- e.g. become (AP) | 694:mkVA  v = lin VA v ;	1429:mkVA = overload { | 1430:mkVA : V -> VA = mkVACore ; | 1431:mkVA : Str -> VA = \v -> mkVACore (mkV v)
Verbs	mkV2A	True	True	381:mkV2A : overload { | 382:mkV2A : V -> V2A ; -- e.g. paint (NP) (AP) | 383:mkV2A : V -> Prep -> V2A ; -- backwards compatibility | 384:mkV2A : V -> Prep -> Prep -> V2A ; -- e.g. strike (NP) as (AP) | 695:mkV2A = overload { | 696:mkV2A : V -> V2A = \v -> lin V2A (dirdirV3 v) ;	1464:mkV2A = overload { | 1465:mkV2A : V -> V2A = \v -> mkV2ACore v noPrep noPrep ; | 1466:mkV2A : V -> Prep -> Prep -> V2A = mkV2ACore ; | 1467:mkV2A : Str -> V2A = \v -> mkV2ACore (mkV v) noPrep noPrep ; | 1468:mkV2A : Str -> Prep -> Prep -> V2A = \v,p2,p3 -> mkV2ACore (mkV v) p2 p3 ;
Verbs	mkVQ	True	True	386:mkVQ  : V -> VQ ; -- e.g. wonder (QS) | 678:mkVQ  v = lin VQ v ;	1425:mkVQ = overload { | 1426:mkVQ : V -> VQ = mkVQCore ; | 1427:mkVQ : Str -> VQ = \v -> mkVQCore (mkV v)
Verbs	mkV2Q	True	True	387:mkV2Q : overload { | 388:mkV2Q : V -> Prep -> V2Q ; -- e.g. ask (NP) (QS) | 389:mkV2Q : V -> V2Q -- e.g. ask (NP) (QS) | 700:mkV2Q = overload { | 701:mkV2Q : V -> Prep -> V2Q = \v,p -> lin V2Q (prepV2 v p) ; | 702:mkV2Q : V -> V2Q = \v -> lin V2Q (dirV2 v) ;	1457:mkV2Q = overload { | 1458:mkV2Q : V -> V2Q = \v -> mkV2QCore v noPrep noPrep ; | 1459:mkV2Q : V -> Prep -> Prep -> V2Q = mkV2QCore ; | 1460:mkV2Q : Str -> V2Q = \v -> mkV2QCore (mkV v) noPrep noPrep ; | 1461:mkV2Q : Str -> Prep -> Prep -> V2Q = \v,p2,p3 -> mkV2QCore (mkV v) p2 p3 ;
Adjective complements	mkAS	True	False	392:mkAS  : A -> AS ; --% | 707:mkAS  v = v ;	
Adjective complements	mkA2S	True	False	393:mkA2S : A -> Prep -> A2S ; --% | 708:mkA2S v p = lin A (prepA2 v p) ;	
Adjective complements	mkAV	True	False	394:mkAV  : A -> AV ; --% | 709:mkAV  v = v ;	
Adjective complements	mkA2V	True	False	395:mkA2V : A -> Prep -> A2V ; --% | 710:mkA2V v p = prepA2 v p ;	
Other lexical	mkSubj	True	True	405:mkSubj : Str -> Subj = \s -> lin Subj {s = s} ; --%	1511:mkSubj : Str -> Subj = \s -> lin Subj {s=s} ;
Other lexical	mkInterj	True	True	406:mkInterj : Str -> Interj	1507:mkInterj : Str -> Interj = \s -> lin Interj {s=s} ;
Other lexical	mkVoc	True	True	408:mkVoc : Str -> Voc ; -- Any other vocative expression not coming from a NP or a preconstructed Voc | 409:mkVoc s = lin Voc (ss s) ;	1509:mkVoc : Str -> Voc = \s -> lin Voc {s=s} ;
Other lexical	mkMU	True	True	826:mkMU : Str -> MU = \s -> lin MU {s=s; isPre=False} ;	1510:mkMU : Str -> MU = \s -> lin MU {s=s; isPre=False} ;
