class_id	file	mentions	allowed
mkN032	AlbanianSQI/GF/lib/src/albanian/LexiconSqi.gf	1	False
mkV008	AlbanianSQI/GF/lib/src/albanian/LexiconSqi.gf	1	False
mkN001	AlbanianSQI/GF/lib/src/albanian/ParadigmsSqi.gf	1	True
mkN002	AlbanianSQI/GF/lib/src/albanian/ParadigmsSqi.gf	64	True
mkN003	AlbanianSQI/GF/lib/src/albanian/ParadigmsSqi.gf	8	True
mkN005	AlbanianSQI/GF/lib/src/albanian/ParadigmsSqi.gf	49	True
mkN006	AlbanianSQI/GF/lib/src/albanian/ParadigmsSqi.gf	1	True
mkN007	AlbanianSQI/GF/lib/src/albanian/ParadigmsSqi.gf	44	True
mkN008	AlbanianSQI/GF/lib/src/albanian/ParadigmsSqi.gf	2	True
mkN009	AlbanianSQI/GF/lib/src/albanian/ParadigmsSqi.gf	11	True
mkN010	AlbanianSQI/GF/lib/src/albanian/ParadigmsSqi.gf	4	True
mkN011	AlbanianSQI/GF/lib/src/albanian/ParadigmsSqi.gf	10	True
mkN012	AlbanianSQI/GF/lib/src/albanian/ParadigmsSqi.gf	7	True
mkN013	AlbanianSQI/GF/lib/src/albanian/ParadigmsSqi.gf	50	True
mkN014	AlbanianSQI/GF/lib/src/albanian/ParadigmsSqi.gf	3	True
mkN017	AlbanianSQI/GF/lib/src/albanian/ParadigmsSqi.gf	47	True
mkN020	AlbanianSQI/GF/lib/src/albanian/ParadigmsSqi.gf	40	True
mkN022	AlbanianSQI/GF/lib/src/albanian/ParadigmsSqi.gf	2	True
mkN023	AlbanianSQI/GF/lib/src/albanian/ParadigmsSqi.gf	2	True
mkN027	AlbanianSQI/GF/lib/src/albanian/ParadigmsSqi.gf	6	True
mkN028	AlbanianSQI/GF/lib/src/albanian/ParadigmsSqi.gf	7	True
mkN030	AlbanianSQI/GF/lib/src/albanian/ParadigmsSqi.gf	2	True
mkN031	AlbanianSQI/GF/lib/src/albanian/ParadigmsSqi.gf	54	True
mkN032	AlbanianSQI/GF/lib/src/albanian/ParadigmsSqi.gf	4	True
mkN034	AlbanianSQI/GF/lib/src/albanian/ParadigmsSqi.gf	31	True
mkN036	AlbanianSQI/GF/lib/src/albanian/ParadigmsSqi.gf	1	True
mkN037	AlbanianSQI/GF/lib/src/albanian/ParadigmsSqi.gf	4	True
mkN038	AlbanianSQI/GF/lib/src/albanian/ParadigmsSqi.gf	2	True
mkN039	AlbanianSQI/GF/lib/src/albanian/ParadigmsSqi.gf	1	True
mkN040	AlbanianSQI/GF/lib/src/albanian/ParadigmsSqi.gf	9	True
mkN041	AlbanianSQI/GF/lib/src/albanian/ParadigmsSqi.gf	6	True
mkN042	AlbanianSQI/GF/lib/src/albanian/ParadigmsSqi.gf	5	True
mkN047	AlbanianSQI/GF/lib/src/albanian/ParadigmsSqi.gf	2	True
mkN048	AlbanianSQI/GF/lib/src/albanian/ParadigmsSqi.gf	3	True
mkN050	AlbanianSQI/GF/lib/src/albanian/ParadigmsSqi.gf	2	True
mkN052	AlbanianSQI/GF/lib/src/albanian/ParadigmsSqi.gf	8	True
mkN053	AlbanianSQI/GF/lib/src/albanian/ParadigmsSqi.gf	5	True
mkN054	AlbanianSQI/GF/lib/src/albanian/ParadigmsSqi.gf	2	True
mkN057	AlbanianSQI/GF/lib/src/albanian/ParadigmsSqi.gf	9	True
mkN058	AlbanianSQI/GF/lib/src/albanian/ParadigmsSqi.gf	1	True
mkN059	AlbanianSQI/GF/lib/src/albanian/ParadigmsSqi.gf	11	True
mkN060	AlbanianSQI/GF/lib/src/albanian/ParadigmsSqi.gf	1	True
mkN062	AlbanianSQI/GF/lib/src/albanian/ParadigmsSqi.gf	2	True
mkN063	AlbanianSQI/GF/lib/src/albanian/ParadigmsSqi.gf	2	True
mkN064	AlbanianSQI/GF/lib/src/albanian/ParadigmsSqi.gf	14	True
mkN066	AlbanianSQI/GF/lib/src/albanian/ParadigmsSqi.gf	1	True
mkN067	AlbanianSQI/GF/lib/src/albanian/ParadigmsSqi.gf	3	True
mkN068	AlbanianSQI/GF/lib/src/albanian/ParadigmsSqi.gf	2	True
mkN069	AlbanianSQI/GF/lib/src/albanian/ParadigmsSqi.gf	3	True
mkN070	AlbanianSQI/GF/lib/src/albanian/ParadigmsSqi.gf	2	True
mkN071	AlbanianSQI/GF/lib/src/albanian/ParadigmsSqi.gf	7	True
mkN072	AlbanianSQI/GF/lib/src/albanian/ParadigmsSqi.gf	22	True
mkN073	AlbanianSQI/GF/lib/src/albanian/ParadigmsSqi.gf	1	True
mkN074	AlbanianSQI/GF/lib/src/albanian/ParadigmsSqi.gf	15	True
mkN076	AlbanianSQI/GF/lib/src/albanian/ParadigmsSqi.gf	1	True
mkN078	AlbanianSQI/GF/lib/src/albanian/ParadigmsSqi.gf	3	True
mkN079	AlbanianSQI/GF/lib/src/albanian/ParadigmsSqi.gf	9	True
mkN081	AlbanianSQI/GF/lib/src/albanian/ParadigmsSqi.gf	5	True
mkN082	AlbanianSQI/GF/lib/src/albanian/ParadigmsSqi.gf	3	True
mkN086	AlbanianSQI/GF/lib/src/albanian/ParadigmsSqi.gf	2	True
mkN088	AlbanianSQI/GF/lib/src/albanian/ParadigmsSqi.gf	1	True
mkN089	AlbanianSQI/GF/lib/src/albanian/ParadigmsSqi.gf	3	True
mkN090	AlbanianSQI/GF/lib/src/albanian/ParadigmsSqi.gf	1	True
mkN095	AlbanianSQI/GF/lib/src/albanian/ParadigmsSqi.gf	1	True
mkN097	AlbanianSQI/GF/lib/src/albanian/ParadigmsSqi.gf	1	True
mkN101	AlbanianSQI/GF/lib/src/albanian/ParadigmsSqi.gf	2	True
mkN104	AlbanianSQI/GF/lib/src/albanian/ParadigmsSqi.gf	5	True
mkN106	AlbanianSQI/GF/lib/src/albanian/ParadigmsSqi.gf	14	True
mkN107	AlbanianSQI/GF/lib/src/albanian/ParadigmsSqi.gf	2	True
mkN108	AlbanianSQI/GF/lib/src/albanian/ParadigmsSqi.gf	2	True
mkN109	AlbanianSQI/GF/lib/src/albanian/ParadigmsSqi.gf	38	True
mkN110	AlbanianSQI/GF/lib/src/albanian/ParadigmsSqi.gf	3	True
mkN112	AlbanianSQI/GF/lib/src/albanian/ParadigmsSqi.gf	3	True
mkN113	AlbanianSQI/GF/lib/src/albanian/ParadigmsSqi.gf	1	True
mkN115	AlbanianSQI/GF/lib/src/albanian/ParadigmsSqi.gf	4	True
mkN116	AlbanianSQI/GF/lib/src/albanian/ParadigmsSqi.gf	1	True
mkN118	AlbanianSQI/GF/lib/src/albanian/ParadigmsSqi.gf	5	True
mkN120	AlbanianSQI/GF/lib/src/albanian/ParadigmsSqi.gf	6	True
mkN122	AlbanianSQI/GF/lib/src/albanian/ParadigmsSqi.gf	1	True
mkN127	AlbanianSQI/GF/lib/src/albanian/ParadigmsSqi.gf	2	True
mkN129	AlbanianSQI/GF/lib/src/albanian/ParadigmsSqi.gf	2	True
mkN130	AlbanianSQI/GF/lib/src/albanian/ParadigmsSqi.gf	1	True
mkN131	AlbanianSQI/GF/lib/src/albanian/ParadigmsSqi.gf	2	True
mkN132	AlbanianSQI/GF/lib/src/albanian/ParadigmsSqi.gf	2	True
mkN134	AlbanianSQI/GF/lib/src/albanian/ParadigmsSqi.gf	3	True
mkN136	AlbanianSQI/GF/lib/src/albanian/ParadigmsSqi.gf	2	True
mkN137	AlbanianSQI/GF/lib/src/albanian/ParadigmsSqi.gf	4	True
mkN146	AlbanianSQI/GF/lib/src/albanian/ParadigmsSqi.gf	13	True
mkN147	AlbanianSQI/GF/lib/src/albanian/ParadigmsSqi.gf	3	True
mkN148	AlbanianSQI/GF/lib/src/albanian/ParadigmsSqi.gf	7	True
mkN149	AlbanianSQI/GF/lib/src/albanian/ParadigmsSqi.gf	11	True
mkN152	AlbanianSQI/GF/lib/src/albanian/ParadigmsSqi.gf	8	True
mkN154	AlbanianSQI/GF/lib/src/albanian/ParadigmsSqi.gf	1	True
mkN155	AlbanianSQI/GF/lib/src/albanian/ParadigmsSqi.gf	2	True
mkN156	AlbanianSQI/GF/lib/src/albanian/ParadigmsSqi.gf	2	True
mkN158	AlbanianSQI/GF/lib/src/albanian/ParadigmsSqi.gf	2	True
mkN162	AlbanianSQI/GF/lib/src/albanian/ParadigmsSqi.gf	2	True
mkN163	AlbanianSQI/GF/lib/src/albanian/ParadigmsSqi.gf	4	True
mkN166	AlbanianSQI/GF/lib/src/albanian/ParadigmsSqi.gf	2	True
mkN169	AlbanianSQI/GF/lib/src/albanian/ParadigmsSqi.gf	1	True
mkN173	AlbanianSQI/GF/lib/src/albanian/ParadigmsSqi.gf	2	True
mkN175	AlbanianSQI/GF/lib/src/albanian/ParadigmsSqi.gf	7	True
mkN177	AlbanianSQI/GF/lib/src/albanian/ParadigmsSqi.gf	3	True
mkN178	AlbanianSQI/GF/lib/src/albanian/ParadigmsSqi.gf	8	True
mkN179	AlbanianSQI/GF/lib/src/albanian/ParadigmsSqi.gf	2	True
mkN181	AlbanianSQI/GF/lib/src/albanian/ParadigmsSqi.gf	1	True
mkN182	AlbanianSQI/GF/lib/src/albanian/ParadigmsSqi.gf	2	True
mkN183	AlbanianSQI/GF/lib/src/albanian/ParadigmsSqi.gf	2	True
mkN184	AlbanianSQI/GF/lib/src/albanian/ParadigmsSqi.gf	1	True
mkN188	AlbanianSQI/GF/lib/src/albanian/ParadigmsSqi.gf	1	True
mkN191	AlbanianSQI/GF/lib/src/albanian/ParadigmsSqi.gf	3	True
mkN194	AlbanianSQI/GF/lib/src/albanian/ParadigmsSqi.gf	2	True
mkN195	AlbanianSQI/GF/lib/src/albanian/ParadigmsSqi.gf	1	True
mkN201	AlbanianSQI/GF/lib/src/albanian/ParadigmsSqi.gf	3	True
mkN202	AlbanianSQI/GF/lib/src/albanian/ParadigmsSqi.gf	2	True
mkN205	AlbanianSQI/GF/lib/src/albanian/ParadigmsSqi.gf	2	True
mkN206	AlbanianSQI/GF/lib/src/albanian/ParadigmsSqi.gf	1	True
mkN207	AlbanianSQI/GF/lib/src/albanian/ParadigmsSqi.gf	5	True
mkN208	AlbanianSQI/GF/lib/src/albanian/ParadigmsSqi.gf	2	True
mkN211	AlbanianSQI/GF/lib/src/albanian/ParadigmsSqi.gf	1	True
mkN218	AlbanianSQI/GF/lib/src/albanian/ParadigmsSqi.gf	2	True
mkN219	AlbanianSQI/GF/lib/src/albanian/ParadigmsSqi.gf	3	True
mkN222	AlbanianSQI/GF/lib/src/albanian/ParadigmsSqi.gf	3	True
mkN225	AlbanianSQI/GF/lib/src/albanian/ParadigmsSqi.gf	3	True
mkN226	AlbanianSQI/GF/lib/src/albanian/ParadigmsSqi.gf	1	True
mkN227	AlbanianSQI/GF/lib/src/albanian/ParadigmsSqi.gf	5	True
mkN230	AlbanianSQI/GF/lib/src/albanian/ParadigmsSqi.gf	1	True
mkN236	AlbanianSQI/GF/lib/src/albanian/ParadigmsSqi.gf	3	True
mkN237	AlbanianSQI/GF/lib/src/albanian/ParadigmsSqi.gf	2	True
mkN238	AlbanianSQI/GF/lib/src/albanian/ParadigmsSqi.gf	2	True
mkN241	AlbanianSQI/GF/lib/src/albanian/ParadigmsSqi.gf	3	True
mkN243	AlbanianSQI/GF/lib/src/albanian/ParadigmsSqi.gf	2	True
mkN245	AlbanianSQI/GF/lib/src/albanian/ParadigmsSqi.gf	3	True
mkN246	AlbanianSQI/GF/lib/src/albanian/ParadigmsSqi.gf	2	True
mkN247	AlbanianSQI/GF/lib/src/albanian/ParadigmsSqi.gf	2	True
mkN249	AlbanianSQI/GF/lib/src/albanian/ParadigmsSqi.gf	9	True
mkN250	AlbanianSQI/GF/lib/src/albanian/ParadigmsSqi.gf	1	True
mkN252	AlbanianSQI/GF/lib/src/albanian/ParadigmsSqi.gf	1	True
mkN255	AlbanianSQI/GF/lib/src/albanian/ParadigmsSqi.gf	1	True
mkN265	AlbanianSQI/GF/lib/src/albanian/ParadigmsSqi.gf	1	True
mkN271	AlbanianSQI/GF/lib/src/albanian/ParadigmsSqi.gf	1	True
mkN272	AlbanianSQI/GF/lib/src/albanian/ParadigmsSqi.gf	4	True
mkN274	AlbanianSQI/GF/lib/src/albanian/ParadigmsSqi.gf	3	True
mkN276	AlbanianSQI/GF/lib/src/albanian/ParadigmsSqi.gf	3	True
mkN277	AlbanianSQI/GF/lib/src/albanian/ParadigmsSqi.gf	2	True
mkN279	AlbanianSQI/GF/lib/src/albanian/ParadigmsSqi.gf	1	True
mkN289	AlbanianSQI/GF/lib/src/albanian/ParadigmsSqi.gf	2	True
mkN290	AlbanianSQI/GF/lib/src/albanian/ParadigmsSqi.gf	1	True
mkN295	AlbanianSQI/GF/lib/src/albanian/ParadigmsSqi.gf	2	True
mkN305	AlbanianSQI/GF/lib/src/albanian/ParadigmsSqi.gf	1	True
mkN310	AlbanianSQI/GF/lib/src/albanian/ParadigmsSqi.gf	2	True
mkN313	AlbanianSQI/GF/lib/src/albanian/ParadigmsSqi.gf	3	True
mkN335	AlbanianSQI/GF/lib/src/albanian/ParadigmsSqi.gf	1	True
mkN336	AlbanianSQI/GF/lib/src/albanian/ParadigmsSqi.gf	2	True
mkN350	AlbanianSQI/GF/lib/src/albanian/ParadigmsSqi.gf	2	True
mkN355	AlbanianSQI/GF/lib/src/albanian/ParadigmsSqi.gf	1	True
mkN364	AlbanianSQI/GF/lib/src/albanian/ParadigmsSqi.gf	1	True
mkN366	AlbanianSQI/GF/lib/src/albanian/ParadigmsSqi.gf	2	True
mkN398	AlbanianSQI/GF/lib/src/albanian/ParadigmsSqi.gf	1	True
mkN417	AlbanianSQI/GF/lib/src/albanian/ParadigmsSqi.gf	2	True
mkN435	AlbanianSQI/GF/lib/src/albanian/ParadigmsSqi.gf	2	True
mkN447	AlbanianSQI/GF/lib/src/albanian/ParadigmsSqi.gf	1	True
mkN448	AlbanianSQI/GF/lib/src/albanian/ParadigmsSqi.gf	1	True
mkN458	AlbanianSQI/GF/lib/src/albanian/ParadigmsSqi.gf	1	True
mkN459	AlbanianSQI/GF/lib/src/albanian/ParadigmsSqi.gf	1	True
mkN479	AlbanianSQI/GF/lib/src/albanian/ParadigmsSqi.gf	2	True
mkN498	AlbanianSQI/GF/lib/src/albanian/ParadigmsSqi.gf	1	True
mkN521	AlbanianSQI/GF/lib/src/albanian/ParadigmsSqi.gf	2	True
mkN524	AlbanianSQI/GF/lib/src/albanian/ParadigmsSqi.gf	2	True
mkN533	AlbanianSQI/GF/lib/src/albanian/ParadigmsSqi.gf	1	True
mkN536	AlbanianSQI/GF/lib/src/albanian/ParadigmsSqi.gf	1	True
mkN538	AlbanianSQI/GF/lib/src/albanian/ParadigmsSqi.gf	1	True
mkN546	AlbanianSQI/GF/lib/src/albanian/ParadigmsSqi.gf	1	True
mkN552	AlbanianSQI/GF/lib/src/albanian/ParadigmsSqi.gf	1	True
mkN563	AlbanianSQI/GF/lib/src/albanian/ParadigmsSqi.gf	1	True
mkA001	AlbanianSQI/GF/lib/src/albanian/ParadigmsSqi.gf	40	True
mkA003	AlbanianSQI/GF/lib/src/albanian/ParadigmsSqi.gf	8	True
mkA004	AlbanianSQI/GF/lib/src/albanian/ParadigmsSqi.gf	16	True
mkA005	AlbanianSQI/GF/lib/src/albanian/ParadigmsSqi.gf	1	True
mkA006	AlbanianSQI/GF/lib/src/albanian/ParadigmsSqi.gf	1	True
mkA009	AlbanianSQI/GF/lib/src/albanian/ParadigmsSqi.gf	8	True
mkA011	AlbanianSQI/GF/lib/src/albanian/ParadigmsSqi.gf	3	True
mkA013	AlbanianSQI/GF/lib/src/albanian/ParadigmsSqi.gf	13	True
mkA014	AlbanianSQI/GF/lib/src/albanian/ParadigmsSqi.gf	1	True
mkA015	AlbanianSQI/GF/lib/src/albanian/ParadigmsSqi.gf	2	True
mkA019	AlbanianSQI/GF/lib/src/albanian/ParadigmsSqi.gf	2	True
mkA020	AlbanianSQI/GF/lib/src/albanian/ParadigmsSqi.gf	1	True
mkA026	AlbanianSQI/GF/lib/src/albanian/ParadigmsSqi.gf	2	True
mkA027	AlbanianSQI/GF/lib/src/albanian/ParadigmsSqi.gf	2	True
mkA028	AlbanianSQI/GF/lib/src/albanian/ParadigmsSqi.gf	1	True
mkV001	AlbanianSQI/GF/lib/src/albanian/ParadigmsSqi.gf	32	True
mkV003	AlbanianSQI/GF/lib/src/albanian/ParadigmsSqi.gf	6	True
mkV004	AlbanianSQI/GF/lib/src/albanian/ParadigmsSqi.gf	6	True
mkV007	AlbanianSQI/GF/lib/src/albanian/ParadigmsSqi.gf	9	True
mkV013	AlbanianSQI/GF/lib/src/albanian/ParadigmsSqi.gf	2	True
mkV014	AlbanianSQI/GF/lib/src/albanian/ParadigmsSqi.gf	17	True
mkV015	AlbanianSQI/GF/lib/src/albanian/ParadigmsSqi.gf	3	True
mkV018	AlbanianSQI/GF/lib/src/albanian/ParadigmsSqi.gf	2	True
mkV022	AlbanianSQI/GF/lib/src/albanian/ParadigmsSqi.gf	2	True
mkV023	AlbanianSQI/GF/lib/src/albanian/ParadigmsSqi.gf	1	True
mkV024	AlbanianSQI/GF/lib/src/albanian/ParadigmsSqi.gf	1	True
mkV026	AlbanianSQI/GF/lib/src/albanian/ParadigmsSqi.gf	1	True
mkV028	AlbanianSQI/GF/lib/src/albanian/ParadigmsSqi.gf	1	True
mkV032	AlbanianSQI/GF/lib/src/albanian/ParadigmsSqi.gf	1	True
mkV033	AlbanianSQI/GF/lib/src/albanian/ParadigmsSqi.gf	3	True
mkV034	AlbanianSQI/GF/lib/src/albanian/ParadigmsSqi.gf	2	True
mkV036	AlbanianSQI/GF/lib/src/albanian/ParadigmsSqi.gf	1	True
mkV038	AlbanianSQI/GF/lib/src/albanian/ParadigmsSqi.gf	2	True
mkV041	AlbanianSQI/GF/lib/src/albanian/ParadigmsSqi.gf	2	True
mkV042	AlbanianSQI/GF/lib/src/albanian/ParadigmsSqi.gf	1	True
mkV044	AlbanianSQI/GF/lib/src/albanian/ParadigmsSqi.gf	1	True
mkV047	AlbanianSQI/GF/lib/src/albanian/ParadigmsSqi.gf	1	True
mkV049	AlbanianSQI/GF/lib/src/albanian/ParadigmsSqi.gf	3	True
mkV050	AlbanianSQI/GF/lib/src/albanian/ParadigmsSqi.gf	1	True
mkV054	AlbanianSQI/GF/lib/src/albanian/ParadigmsSqi.gf	1	True
mkV055	AlbanianSQI/GF/lib/src/albanian/ParadigmsSqi.gf	2	True
mkV057	AlbanianSQI/GF/lib/src/albanian/ParadigmsSqi.gf	1	True
mkV059	AlbanianSQI/GF/lib/src/albanian/ParadigmsSqi.gf	3	True
mkV064	AlbanianSQI/GF/lib/src/albanian/ParadigmsSqi.gf	1	True
mkV070	AlbanianSQI/GF/lib/src/albanian/ParadigmsSqi.gf	1	True
mkV075	AlbanianSQI/GF/lib/src/albanian/ParadigmsSqi.gf	1	True
mkV078	AlbanianSQI/GF/lib/src/albanian/ParadigmsSqi.gf	2	True
mkV086	AlbanianSQI/GF/lib/src/albanian/ParadigmsSqi.gf	2	True
mkV113	AlbanianSQI/GF/lib/src/albanian/ParadigmsSqi.gf	2	True
mkV118	AlbanianSQI/GF/lib/src/albanian/ParadigmsSqi.gf	2	True
mkN032	AlbanianSQI/GF/lib/src/morphodict/MorphoDictSqi.gf	1	False
