symbol	file	mentions
Species	AlbanianSQI/GF/lib/src/albanian/CatSqi.gf	3
Species	AlbanianSQI/GF/lib/src/albanian/ConjunctionSqi.gf	2
Species	AlbanianSQI/GF/lib/src/albanian/ExtendSqiHelpers.gf	1
Species	AlbanianSQI/GF/lib/src/albanian/ResSqi.gf	6
Indef	AlbanianSQI/GF/lib/src/albanian/AdverbSqi.gf	1
Indef	AlbanianSQI/GF/lib/src/albanian/CatSqi.gf	1
Indef	AlbanianSQI/GF/lib/src/albanian/ConstructionSqi.gf	6
Indef	AlbanianSQI/GF/lib/src/albanian/DictSqi.gf	1
Indef	AlbanianSQI/GF/lib/src/albanian/DocumentationSqi.gf	10
Indef	AlbanianSQI/GF/lib/src/albanian/ExtendSqiAPCN.gf	2
Indef	AlbanianSQI/GF/lib/src/albanian/ExtendSqiFocusPrep.gf	1
Indef	AlbanianSQI/GF/lib/src/albanian/ExtendSqiHelpers.gf	3
Indef	AlbanianSQI/GF/lib/src/albanian/ExtendSqiScaffolding.gf	4
Indef	AlbanianSQI/GF/lib/src/albanian/ExtraSqi.gf	1
Indef	AlbanianSQI/GF/lib/src/albanian/MorphoSqi.gf	570
Indef	AlbanianSQI/GF/lib/src/albanian/NounSqi.gf	4
Indef	AlbanianSQI/GF/lib/src/albanian/ParadigmsSqi.gf	9
Indef	AlbanianSQI/GF/lib/src/albanian/PhraseSqi.gf	2
Indef	AlbanianSQI/GF/lib/src/albanian/QuestionSqi.gf	1
Indef	AlbanianSQI/GF/lib/src/albanian/ResSqi.gf	6
Indef	AlbanianSQI/GF/lib/src/albanian/StructuralSqiRes.gf	2
Indef	AlbanianSQI/GF/lib/src/albanian/SymbolSqi.gf	4
Indef	AlbanianSQI/GF/lib/src/albanian/VerbSqi.gf	4
Indef	AlbanianSQI/GF/lib/src/morphodict/MorphoDictSqi.gf	1
Def	AlbanianSQI/GF/lib/src/albanian/ConjunctionSqi.gf	1
Def	AlbanianSQI/GF/lib/src/albanian/DictSqi.gf	1
Def	AlbanianSQI/GF/lib/src/albanian/DocumentationSqi.gf	9
Def	AlbanianSQI/GF/lib/src/albanian/ExtendSqiLexicon.gf	1
Def	AlbanianSQI/GF/lib/src/albanian/ExtendSqiRNP.gf	3
Def	AlbanianSQI/GF/lib/src/albanian/ExtendSqiScaffolding.gf	5
Def	AlbanianSQI/GF/lib/src/albanian/MorphoSqi.gf	570
Def	AlbanianSQI/GF/lib/src/albanian/NamesSqi.gf	1
Def	AlbanianSQI/GF/lib/src/albanian/NounSqi.gf	2
Def	AlbanianSQI/GF/lib/src/albanian/ParadigmsSqi.gf	2
Def	AlbanianSQI/GF/lib/src/albanian/ResSqi.gf	3
Def	AlbanianSQI/GF/lib/src/morphodict/MorphoDictSqi.gf	1
Case	AlbanianSQI/GF/lib/src/albanian/CatSqi.gf	16
Case	AlbanianSQI/GF/lib/src/albanian/ConjunctionSqi.gf	4
Case	AlbanianSQI/GF/lib/src/albanian/DocumentationSqi.gf	2
Case	AlbanianSQI/GF/lib/src/albanian/ExtendSqi.gf	2
Case	AlbanianSQI/GF/lib/src/albanian/ExtendSqiHelpers.gf	1
Case	AlbanianSQI/GF/lib/src/albanian/ExtendSqiRNP.gf	2
Case	AlbanianSQI/GF/lib/src/albanian/ExtendSqiVPS.gf	1
Case	AlbanianSQI/GF/lib/src/albanian/ExtraSqi.gf	2
Case	AlbanianSQI/GF/lib/src/albanian/LexiconSqi.gf	1
Case	AlbanianSQI/GF/lib/src/albanian/NamesSqi.gf	1
Case	AlbanianSQI/GF/lib/src/albanian/NounSqi.gf	4
Case	AlbanianSQI/GF/lib/src/albanian/ParadigmsSqi.gf	9
Case	AlbanianSQI/GF/lib/src/albanian/ResSqi.gf	13
Case	AlbanianSQI/GF/lib/src/albanian/SymbolSqi.gf	3
Case	AlbanianSQI/GF/lib/src/albanian/VerbSqi.gf	2
Nom	AlbanianSQI/GF/lib/src/albanian/AdjectiveSqi.gf	2
Nom	AlbanianSQI/GF/lib/src/albanian/AdverbSqi.gf	5
Nom	AlbanianSQI/GF/lib/src/albanian/CatSqi.gf	3
Nom	AlbanianSQI/GF/lib/src/albanian/ConstructionSqi.gf	7
Nom	AlbanianSQI/GF/lib/src/albanian/DictSqi.gf	3
Nom	AlbanianSQI/GF/lib/src/albanian/DocumentationSqi.gf	17
Nom	AlbanianSQI/GF/lib/src/albanian/ExtendSqiAPCN.gf	2
Nom	AlbanianSQI/GF/lib/src/albanian/ExtendSqiFocusPrep.gf	2
Nom	AlbanianSQI/GF/lib/src/albanian/ExtendSqiHelpers.gf	4
Nom	AlbanianSQI/GF/lib/src/albanian/ExtendSqiRNP.gf	1
Nom	AlbanianSQI/GF/lib/src/albanian/ExtendSqiScaffolding.gf	1
Nom	AlbanianSQI/GF/lib/src/albanian/ExtendSqiVPS.gf	4
Nom	AlbanianSQI/GF/lib/src/albanian/ExtraSqi.gf	3
Nom	AlbanianSQI/GF/lib/src/albanian/IdiomSqi.gf	2
Nom	AlbanianSQI/GF/lib/src/albanian/MorphoSqi.gf	1166
Nom	AlbanianSQI/GF/lib/src/albanian/NamesSqi.gf	1
Nom	AlbanianSQI/GF/lib/src/albanian/NounSqi.gf	2
Nom	AlbanianSQI/GF/lib/src/albanian/ParadigmsSqi.gf	22
Nom	AlbanianSQI/GF/lib/src/albanian/PhraseSqi.gf	5
Nom	AlbanianSQI/GF/lib/src/albanian/QuestionSqi.gf	4
Nom	AlbanianSQI/GF/lib/src/albanian/RelativeSqi.gf	1
Nom	AlbanianSQI/GF/lib/src/albanian/ResSqi.gf	8
Nom	AlbanianSQI/GF/lib/src/albanian/SentenceSqi.gf	3
Nom	AlbanianSQI/GF/lib/src/albanian/StructuralSqiNominal.gf	6
Nom	AlbanianSQI/GF/lib/src/albanian/StructuralSqiRes.gf	3
Nom	AlbanianSQI/GF/lib/src/albanian/SymbolSqi.gf	7
Nom	AlbanianSQI/GF/lib/src/albanian/VerbSqi.gf	5
Nom	AlbanianSQI/GF/lib/src/morphodict/MorphoDictSqi.gf	3
Acc	AlbanianSQI/GF/lib/src/albanian/ConstructionSqi.gf	6
Acc	AlbanianSQI/GF/lib/src/albanian/DictSqi.gf	3
Acc	AlbanianSQI/GF/lib/src/albanian/DocumentationSqi.gf	17
Acc	AlbanianSQI/GF/lib/src/albanian/ExtendSqiFocusPrep.gf	1
Acc	AlbanianSQI/GF/lib/src/albanian/ExtendSqiHelpers.gf	1
Acc	AlbanianSQI/GF/lib/src/albanian/ExtendSqiRNP.gf	1
Acc	AlbanianSQI/GF/lib/src/albanian/ExtendSqiScaffolding.gf	2
Acc	AlbanianSQI/GF/lib/src/albanian/ExtendSqiVPS.gf	4
Acc	AlbanianSQI/GF/lib/src/albanian/ExtraSqi.gf	1
Acc	AlbanianSQI/GF/lib/src/albanian/IdiomSqi.gf	2
Acc	AlbanianSQI/GF/lib/src/albanian/LexiconSqi.gf	1
Acc	AlbanianSQI/GF/lib/src/albanian/MorphoSqi.gf	1170
Acc	AlbanianSQI/GF/lib/src/albanian/NamesSqi.gf	1
Acc	AlbanianSQI/GF/lib/src/albanian/NounSqi.gf	2
Acc	AlbanianSQI/GF/lib/src/albanian/ParadigmsSqi.gf	12
Acc	AlbanianSQI/GF/lib/src/albanian/ResSqi.gf	10
Acc	AlbanianSQI/GF/lib/src/albanian/StructuralSqiClause.gf	8
Acc	AlbanianSQI/GF/lib/src/albanian/StructuralSqiNominal.gf	6
Acc	AlbanianSQI/GF/lib/src/albanian/StructuralSqiRes.gf	3
Acc	AlbanianSQI/GF/lib/src/albanian/SymbolSqi.gf	7
Acc	AlbanianSQI/GF/lib/src/albanian/VerbSqi.gf	1
Acc	AlbanianSQI/GF/lib/src/morphodict/MorphoDictSqi.gf	3
Dat	AlbanianSQI/GF/lib/src/albanian/DictSqi.gf	3
Dat	AlbanianSQI/GF/lib/src/albanian/DocumentationSqi.gf	17
Dat	AlbanianSQI/GF/lib/src/albanian/ExtendSqiHelpers.gf	1
Dat	AlbanianSQI/GF/lib/src/albanian/ExtendSqiRNP.gf	1
Dat	AlbanianSQI/GF/lib/src/albanian/ExtendSqiScaffolding.gf	4
Dat	AlbanianSQI/GF/lib/src/albanian/ExtendSqiVPS.gf	5
Dat	AlbanianSQI/GF/lib/src/albanian/MorphoSqi.gf	1174
Dat	AlbanianSQI/GF/lib/src/albanian/NounSqi.gf	3
Dat	AlbanianSQI/GF/lib/src/albanian/ParadigmsSqi.gf	10
Dat	AlbanianSQI/GF/lib/src/albanian/ResSqi.gf	9
Dat	AlbanianSQI/GF/lib/src/albanian/StructuralSqiClause.gf	1
Dat	AlbanianSQI/GF/lib/src/albanian/StructuralSqiNominal.gf	6
Dat	AlbanianSQI/GF/lib/src/albanian/StructuralSqiRes.gf	3
Dat	AlbanianSQI/GF/lib/src/albanian/SymbolSqi.gf	7
Dat	AlbanianSQI/GF/lib/src/albanian/VerbSqi.gf	2
Dat	AlbanianSQI/GF/lib/src/morphodict/MorphoDictSqi.gf	3
Ablat	AlbanianSQI/GF/lib/src/albanian/ConstructionSqi.gf	1
Ablat	AlbanianSQI/GF/lib/src/albanian/DictSqi.gf	3
Ablat	AlbanianSQI/GF/lib/src/albanian/DocumentationSqi.gf	17
Ablat	AlbanianSQI/GF/lib/src/albanian/ExtendSqiHelpers.gf	1
Ablat	AlbanianSQI/GF/lib/src/albanian/ExtendSqiRNP.gf	2
Ablat	AlbanianSQI/GF/lib/src/albanian/ExtendSqiScaffolding.gf	3
Ablat	AlbanianSQI/GF/lib/src/albanian/ExtendSqiVPBridge.gf	2
Ablat	AlbanianSQI/GF/lib/src/albanian/LexiconSqi.gf	1
Ablat	AlbanianSQI/GF/lib/src/albanian/MorphoSqi.gf	1166
Ablat	AlbanianSQI/GF/lib/src/albanian/NounSqi.gf	4
Ablat	AlbanianSQI/GF/lib/src/albanian/ParadigmsSqi.gf	10
Ablat	AlbanianSQI/GF/lib/src/albanian/ResSqi.gf	8
Ablat	AlbanianSQI/GF/lib/src/albanian/StructuralSqiClause.gf	12
Ablat	AlbanianSQI/GF/lib/src/albanian/StructuralSqiNominal.gf	6
Ablat	AlbanianSQI/GF/lib/src/albanian/StructuralSqiRes.gf	3
Ablat	AlbanianSQI/GF/lib/src/albanian/SymbolSqi.gf	7
Ablat	AlbanianSQI/GF/lib/src/morphodict/MorphoDictSqi.gf	3
Gender	AlbanianSQI/GF/lib/src/albanian/CatSqi.gf	9
Gender	AlbanianSQI/GF/lib/src/albanian/ConjunctionSqi.gf	3
Gender	AlbanianSQI/GF/lib/src/albanian/ConstructionSqi.gf	3
Gender	AlbanianSQI/GF/lib/src/albanian/DocumentationSqi.gf	1
Gender	AlbanianSQI/GF/lib/src/albanian/ExtendSqiHelpers.gf	4
Gender	AlbanianSQI/GF/lib/src/albanian/ExtendSqiLexicon.gf	1
Gender	AlbanianSQI/GF/lib/src/albanian/NounSqi.gf	3
Gender	AlbanianSQI/GF/lib/src/albanian/ParadigmsSqi.gf	11
Gender	AlbanianSQI/GF/lib/src/albanian/ResSqi.gf	12
Gender	AlbanianSQI/GF/lib/src/albanian/SymbolSqi.gf	2
Gender	AlbanianSQI/GF/lib/src/morphodict/MorphoDictSqi.gf	1
Masc	AlbanianSQI/GF/lib/src/albanian/AdverbSqi.gf	4
Masc	AlbanianSQI/GF/lib/src/albanian/CatSqi.gf	1
Masc	AlbanianSQI/GF/lib/src/albanian/ClauseSqiRes.gf	2
Masc	AlbanianSQI/GF/lib/src/albanian/ConstructionSqi.gf	9
Masc	AlbanianSQI/GF/lib/src/albanian/DictSqi.gf	4
Masc	AlbanianSQI/GF/lib/src/albanian/DocumentationSqi.gf	18
Masc	AlbanianSQI/GF/lib/src/albanian/ExtendSqiAPCN.gf	3
Masc	AlbanianSQI/GF/lib/src/albanian/ExtendSqiHelpers.gf	3
Masc	AlbanianSQI/GF/lib/src/albanian/ExtendSqiLexicon.gf	3
Masc	AlbanianSQI/GF/lib/src/albanian/ExtendSqiScaffolding.gf	3
Masc	AlbanianSQI/GF/lib/src/albanian/IdiomSqi.gf	1
Masc	AlbanianSQI/GF/lib/src/albanian/MorphoSqi.gf	434
Masc	AlbanianSQI/GF/lib/src/albanian/NamesSqi.gf	3
Masc	AlbanianSQI/GF/lib/src/albanian/NounSqi.gf	21
Masc	AlbanianSQI/GF/lib/src/albanian/ParadigmsSqi.gf	20
Masc	AlbanianSQI/GF/lib/src/albanian/PhraseSqi.gf	1
Masc	AlbanianSQI/GF/lib/src/albanian/QuestionSqi.gf	2
Masc	AlbanianSQI/GF/lib/src/albanian/ResSqi.gf	18
Masc	AlbanianSQI/GF/lib/src/albanian/StructuralSqiNominal.gf	14
Masc	AlbanianSQI/GF/lib/src/albanian/StructuralSqiRes.gf	9
Masc	AlbanianSQI/GF/lib/src/morphodict/MorphoDictSqi.gf	4
Fem	AlbanianSQI/GF/lib/src/albanian/ConstructionSqi.gf	9
Fem	AlbanianSQI/GF/lib/src/albanian/DictSqi.gf	4
Fem	AlbanianSQI/GF/lib/src/albanian/DocumentationSqi.gf	18
Fem	AlbanianSQI/GF/lib/src/albanian/ExtendSqiLexicon.gf	8
Fem	AlbanianSQI/GF/lib/src/albanian/ExtendSqiScaffolding.gf	2
Fem	AlbanianSQI/GF/lib/src/albanian/MorphoSqi.gf	323
Fem	AlbanianSQI/GF/lib/src/albanian/NamesSqi.gf	2
Fem	AlbanianSQI/GF/lib/src/albanian/NounSqi.gf	16
Fem	AlbanianSQI/GF/lib/src/albanian/ParadigmsSqi.gf	10
Fem	AlbanianSQI/GF/lib/src/albanian/ResSqi.gf	17
Fem	AlbanianSQI/GF/lib/src/albanian/StructuralSqiNominal.gf	9
Fem	AlbanianSQI/GF/lib/src/albanian/StructuralSqiRes.gf	8
Fem	AlbanianSQI/GF/lib/src/morphodict/MorphoDictSqi.gf	4
GenNum	AlbanianSQI/GF/lib/src/albanian/CatSqi.gf	1
GenNum	AlbanianSQI/GF/lib/src/albanian/ParadigmsSqi.gf	1
GenNum	AlbanianSQI/GF/lib/src/albanian/ResSqi.gf	4
GenNum	AlbanianSQI/GF/lib/src/albanian/StructuralSqiRes.gf	1
GSg	AlbanianSQI/GF/lib/src/albanian/ClauseSqiRes.gf	2
GSg	AlbanianSQI/GF/lib/src/albanian/ConstructionSqi.gf	1
GSg	AlbanianSQI/GF/lib/src/albanian/IdiomSqi.gf	1
GSg	AlbanianSQI/GF/lib/src/albanian/NounSqi.gf	4
GSg	AlbanianSQI/GF/lib/src/albanian/ResSqi.gf	4
GSg	AlbanianSQI/GF/lib/src/albanian/StructuralSqiNominal.gf	7
GSg	AlbanianSQI/GF/lib/src/albanian/StructuralSqiRes.gf	1
GSg	AlbanianSQI/GF/lib/src/albanian/SymbolSqi.gf	1
GPl	AlbanianSQI/GF/lib/src/albanian/ClauseSqiRes.gf	1
GPl	AlbanianSQI/GF/lib/src/albanian/ConjunctionSqi.gf	2
GPl	AlbanianSQI/GF/lib/src/albanian/IdiomSqi.gf	1
GPl	AlbanianSQI/GF/lib/src/albanian/NounSqi.gf	3
GPl	AlbanianSQI/GF/lib/src/albanian/ResSqi.gf	4
GPl	AlbanianSQI/GF/lib/src/albanian/StructuralSqiNominal.gf	6
GPl	AlbanianSQI/GF/lib/src/albanian/SymbolSqi.gf	1
Agr	AlbanianSQI/GF/lib/src/albanian/CatSqi.gf	8
Agr	AlbanianSQI/GF/lib/src/albanian/ClauseSqiRes.gf	10
Agr	AlbanianSQI/GF/lib/src/albanian/ConjunctionSqi.gf	2
Agr	AlbanianSQI/GF/lib/src/albanian/ConstructionSqi.gf	3
Agr	AlbanianSQI/GF/lib/src/albanian/ExtendSqi.gf	15
Agr	AlbanianSQI/GF/lib/src/albanian/ExtendSqiHelpers.gf	1
Agr	AlbanianSQI/GF/lib/src/albanian/ExtendSqiRNP.gf	2
Agr	AlbanianSQI/GF/lib/src/albanian/ExtendSqiScaffolding.gf	1
Agr	AlbanianSQI/GF/lib/src/albanian/ExtendSqiVPS.gf	9
Agr	AlbanianSQI/GF/lib/src/albanian/ExtraSqi.gf	6
Agr	AlbanianSQI/GF/lib/src/albanian/IdiomSqi.gf	4
Agr	AlbanianSQI/GF/lib/src/albanian/NamesSqi.gf	1
Agr	AlbanianSQI/GF/lib/src/albanian/NounSqi.gf	1
Agr	AlbanianSQI/GF/lib/src/albanian/ResSqi.gf	13
Agr	AlbanianSQI/GF/lib/src/albanian/SymbolSqi.gf	1
Agr	AlbanianSQI/GF/lib/src/albanian/VerbSqi.gf	6
genNum	AlbanianSQI/GF/lib/src/albanian/ResSqi.gf	2
agrgP3	AlbanianSQI/GF/lib/src/albanian/ConstructionSqi.gf	3
agrgP3	AlbanianSQI/GF/lib/src/albanian/ExtendSqiHelpers.gf	4
agrgP3	AlbanianSQI/GF/lib/src/albanian/ExtendSqiLexicon.gf	1
agrgP3	AlbanianSQI/GF/lib/src/albanian/ExtendSqiRNP.gf	3
agrgP3	AlbanianSQI/GF/lib/src/albanian/ExtendSqiScaffolding.gf	5
agrgP3	AlbanianSQI/GF/lib/src/albanian/ExtendSqiVPBridge.gf	2
agrgP3	AlbanianSQI/GF/lib/src/albanian/NamesSqi.gf	5
agrgP3	AlbanianSQI/GF/lib/src/albanian/NounSqi.gf	6
agrgP3	AlbanianSQI/GF/lib/src/albanian/ParadigmsSqi.gf	8
agrgP3	AlbanianSQI/GF/lib/src/albanian/QuestionSqi.gf	2
agrgP3	AlbanianSQI/GF/lib/src/albanian/ResSqi.gf	1
Noun	AlbanianSQI/GF/lib/src/albanian/CatSqi.gf	4
Noun	AlbanianSQI/GF/lib/src/albanian/ConstructionSqi.gf	1
Noun	AlbanianSQI/GF/lib/src/albanian/NounSqi.gf	1
Noun	AlbanianSQI/GF/lib/src/albanian/ResSqi.gf	2
Adj	AlbanianSQI/GF/lib/src/albanian/AdverbSqi.gf	1
Adj	AlbanianSQI/GF/lib/src/albanian/CatSqi.gf	2
Adj	AlbanianSQI/GF/lib/src/albanian/NounSqi.gf	1
Adj	AlbanianSQI/GF/lib/src/albanian/ResSqi.gf	2
Tense	AlbanianSQI/GF/lib/src/albanian/CatSqi.gf	4
Tense	AlbanianSQI/GF/lib/src/albanian/ClauseSqiRes.gf	3
Tense	AlbanianSQI/GF/lib/src/albanian/ExtendSqiScaffolding.gf	2
Tense	AlbanianSQI/GF/lib/src/albanian/ExtraSqi.gf	1
Tense	AlbanianSQI/GF/lib/src/albanian/IdiomSqi.gf	1
Tense	AlbanianSQI/GF/lib/src/albanian/ResSqi.gf	8
Tense	AlbanianSQI/GF/lib/src/albanian/TenseSqi.gf	2
Pres	AlbanianSQI/GF/lib/src/albanian/CatSqi.gf	1
Pres	AlbanianSQI/GF/lib/src/albanian/ConstructionSqi.gf	1
Pres	AlbanianSQI/GF/lib/src/albanian/DocumentationSqi.gf	7
Pres	AlbanianSQI/GF/lib/src/albanian/ExtendSqiHelpers.gf	1
Pres	AlbanianSQI/GF/lib/src/albanian/IdiomSqi.gf	1
Pres	AlbanianSQI/GF/lib/src/albanian/MorphoSqi.gf	135
Pres	AlbanianSQI/GF/lib/src/albanian/ParadigmsSqi.gf	6
Pres	AlbanianSQI/GF/lib/src/albanian/ResSqi.gf	7
Past	AlbanianSQI/GF/lib/src/albanian/ClauseSqiRes.gf	1
Past	AlbanianSQI/GF/lib/src/albanian/DocumentationSqi.gf	7
Past	AlbanianSQI/GF/lib/src/albanian/ExtendSqiScaffolding.gf	1
Past	AlbanianSQI/GF/lib/src/albanian/IdiomSqi.gf	1
Past	AlbanianSQI/GF/lib/src/albanian/MorphoSqi.gf	137
Past	AlbanianSQI/GF/lib/src/albanian/ParadigmsSqi.gf	2
Past	AlbanianSQI/GF/lib/src/albanian/ResSqi.gf	5
Imperfect	AlbanianSQI/GF/lib/src/albanian/ClauseSqiRes.gf	1
Imperfect	AlbanianSQI/GF/lib/src/albanian/DocumentationSqi.gf	7
Imperfect	AlbanianSQI/GF/lib/src/albanian/MorphoSqi.gf	136
Imperfect	AlbanianSQI/GF/lib/src/albanian/ParadigmsSqi.gf	2
Imperfect	AlbanianSQI/GF/lib/src/albanian/ResSqi.gf	3
Aorist	AlbanianSQI/GF/lib/src/albanian/DocumentationSqi.gf	7
Aorist	AlbanianSQI/GF/lib/src/albanian/MorphoSqi.gf	137
Aorist	AlbanianSQI/GF/lib/src/albanian/ParadigmsSqi.gf	2
Aorist	AlbanianSQI/GF/lib/src/albanian/ResSqi.gf	3
Verb	AlbanianSQI/GF/lib/src/albanian/CatSqi.gf	3
Verb	AlbanianSQI/GF/lib/src/albanian/ClauseSqiRes.gf	1
Verb	AlbanianSQI/GF/lib/src/albanian/ConstructionSqi.gf	7
Verb	AlbanianSQI/GF/lib/src/albanian/ExtendSqiHelpers.gf	1
Verb	AlbanianSQI/GF/lib/src/albanian/ExtendSqiScaffolding.gf	1
Verb	AlbanianSQI/GF/lib/src/albanian/ExtendSqiVPBridge.gf	3
Verb	AlbanianSQI/GF/lib/src/albanian/IdiomSqi.gf	1
Verb	AlbanianSQI/GF/lib/src/albanian/QuestionSqi.gf	1
Verb	AlbanianSQI/GF/lib/src/albanian/ResSqi.gf	4
Verb	AlbanianSQI/GF/lib/src/albanian/VerbSqi.gf	13
Indicative	AlbanianSQI/GF/lib/src/albanian/CatSqi.gf	1
Indicative	AlbanianSQI/GF/lib/src/albanian/ClauseSqiRes.gf	1
Indicative	AlbanianSQI/GF/lib/src/albanian/DocumentationSqi.gf	25
Indicative	AlbanianSQI/GF/lib/src/albanian/ExtendSqiHelpers.gf	1
Indicative	AlbanianSQI/GF/lib/src/albanian/MorphoSqi.gf	135
Indicative	AlbanianSQI/GF/lib/src/albanian/ParadigmsSqi.gf	6
Indicative	AlbanianSQI/GF/lib/src/albanian/ResSqi.gf	3
Indicative	AlbanianSQI/GF/lib/src/albanian/VerbSqi.gf	4
Subjunctive	AlbanianSQI/GF/lib/src/albanian/ClauseSqiRes.gf	1
Subjunctive	AlbanianSQI/GF/lib/src/albanian/DocumentationSqi.gf	7
Subjunctive	AlbanianSQI/GF/lib/src/albanian/MorphoSqi.gf	135
Subjunctive	AlbanianSQI/GF/lib/src/albanian/ParadigmsSqi.gf	2
Subjunctive	AlbanianSQI/GF/lib/src/albanian/ResSqi.gf	3
Subjunctive	AlbanianSQI/GF/lib/src/albanian/VerbSqi.gf	4
Imperative	AlbanianSQI/GF/lib/src/albanian/ClauseSqiRes.gf	1
Imperative	AlbanianSQI/GF/lib/src/albanian/DocumentationSqi.gf	3
Imperative	AlbanianSQI/GF/lib/src/albanian/MorphoSqi.gf	135
Imperative	AlbanianSQI/GF/lib/src/albanian/ParadigmsSqi.gf	2
Imperative	AlbanianSQI/GF/lib/src/albanian/ResSqi.gf	2
Imperative	AlbanianSQI/GF/lib/src/albanian/VerbSqi.gf	4
participle	AlbanianSQI/GF/lib/src/albanian/ClauseSqiRes.gf	13
participle	AlbanianSQI/GF/lib/src/albanian/DocumentationSqi.gf	2
participle	AlbanianSQI/GF/lib/src/albanian/ExtendSqiVPBridge.gf	6
participle	AlbanianSQI/GF/lib/src/albanian/MorphoSqi.gf	160
participle	AlbanianSQI/GF/lib/src/albanian/NounSqi.gf	1
participle	AlbanianSQI/GF/lib/src/albanian/ParadigmsSqi.gf	4
participle	AlbanianSQI/GF/lib/src/albanian/ResSqi.gf	3
participle	AlbanianSQI/GF/lib/src/albanian/VerbSqi.gf	13
pres_optative	AlbanianSQI/GF/lib/src/albanian/ClauseSqiRes.gf	6
pres_optative	AlbanianSQI/GF/lib/src/albanian/DocumentationSqi.gf	7
pres_optative	AlbanianSQI/GF/lib/src/albanian/MorphoSqi.gf	135
pres_optative	AlbanianSQI/GF/lib/src/albanian/ParadigmsSqi.gf	2
pres_optative	AlbanianSQI/GF/lib/src/albanian/ResSqi.gf	3
pres_optative	AlbanianSQI/GF/lib/src/albanian/VerbSqi.gf	12
perf_optative	AlbanianSQI/GF/lib/src/albanian/ClauseSqiRes.gf	6
perf_optative	AlbanianSQI/GF/lib/src/albanian/DocumentationSqi.gf	7
perf_optative	AlbanianSQI/GF/lib/src/albanian/MorphoSqi.gf	135
perf_optative	AlbanianSQI/GF/lib/src/albanian/ParadigmsSqi.gf	2
perf_optative	AlbanianSQI/GF/lib/src/albanian/ResSqi.gf	3
perf_optative	AlbanianSQI/GF/lib/src/albanian/VerbSqi.gf	12
pres_admirative	AlbanianSQI/GF/lib/src/albanian/ClauseSqiRes.gf	6
pres_admirative	AlbanianSQI/GF/lib/src/albanian/DocumentationSqi.gf	7
pres_admirative	AlbanianSQI/GF/lib/src/albanian/MorphoSqi.gf	135
pres_admirative	AlbanianSQI/GF/lib/src/albanian/ParadigmsSqi.gf	2
pres_admirative	AlbanianSQI/GF/lib/src/albanian/ResSqi.gf	3
pres_admirative	AlbanianSQI/GF/lib/src/albanian/VerbSqi.gf	12
imperf_admirative	AlbanianSQI/GF/lib/src/albanian/ClauseSqiRes.gf	6
imperf_admirative	AlbanianSQI/GF/lib/src/albanian/DocumentationSqi.gf	7
imperf_admirative	AlbanianSQI/GF/lib/src/albanian/MorphoSqi.gf	135
imperf_admirative	AlbanianSQI/GF/lib/src/albanian/ParadigmsSqi.gf	2
imperf_admirative	AlbanianSQI/GF/lib/src/albanian/ResSqi.gf	3
imperf_admirative	AlbanianSQI/GF/lib/src/albanian/VerbSqi.gf	12
VP	AlbanianSQI/GF/lib/src/albanian/CatSqi.gf	2
VP	AlbanianSQI/GF/lib/src/albanian/ClauseSqiRes.gf	17
VP	AlbanianSQI/GF/lib/src/albanian/ConstructionSqi.gf	7
VP	AlbanianSQI/GF/lib/src/albanian/ExtendSqi.gf	30
VP	AlbanianSQI/GF/lib/src/albanian/ExtendSqiAPCN.gf	1
VP	AlbanianSQI/GF/lib/src/albanian/ExtendSqiHelpers.gf	1
VP	AlbanianSQI/GF/lib/src/albanian/ExtendSqiRNP.gf	3
VP	AlbanianSQI/GF/lib/src/albanian/ExtendSqiScaffolding.gf	14
VP	AlbanianSQI/GF/lib/src/albanian/ExtendSqiVPBridge.gf	10
VP	AlbanianSQI/GF/lib/src/albanian/ExtendSqiVPS.gf	7
VP	AlbanianSQI/GF/lib/src/albanian/ExtraSqi.gf	10
VP	AlbanianSQI/GF/lib/src/albanian/IdiomSqi.gf	2
VP	AlbanianSQI/GF/lib/src/albanian/QuestionSqi.gf	1
VP	AlbanianSQI/GF/lib/src/albanian/ResSqi.gf	4
VP	AlbanianSQI/GF/lib/src/albanian/SentenceSqi.gf	1
VP	AlbanianSQI/GF/lib/src/albanian/VerbSqi.gf	10
VPSlash	AlbanianSQI/GF/lib/src/albanian/CatSqi.gf	2
VPSlash	AlbanianSQI/GF/lib/src/albanian/ClauseSqiRes.gf	2
VPSlash	AlbanianSQI/GF/lib/src/albanian/ExtendSqi.gf	12
VPSlash	AlbanianSQI/GF/lib/src/albanian/ExtendSqiHelpers.gf	1
VPSlash	AlbanianSQI/GF/lib/src/albanian/ExtendSqiRNP.gf	1
VPSlash	AlbanianSQI/GF/lib/src/albanian/ExtendSqiScaffolding.gf	2
VPSlash	AlbanianSQI/GF/lib/src/albanian/ExtendSqiVPBridge.gf	10
VPSlash	AlbanianSQI/GF/lib/src/albanian/ExtendSqiVPS.gf	4
VPSlash	AlbanianSQI/GF/lib/src/albanian/ExtraSqi.gf	7
VPSlash	AlbanianSQI/GF/lib/src/albanian/ResSqi.gf	2
VPSlash	AlbanianSQI/GF/lib/src/albanian/VerbSqi.gf	12
Compl	AlbanianSQI/GF/lib/src/albanian/CatSqi.gf	8
Compl	AlbanianSQI/GF/lib/src/albanian/ClauseSqiRes.gf	1
Compl	AlbanianSQI/GF/lib/src/albanian/ExtendSqi.gf	4
Compl	AlbanianSQI/GF/lib/src/albanian/ExtendSqiVPS.gf	2
Compl	AlbanianSQI/GF/lib/src/albanian/ResSqi.gf	5
Compl	AlbanianSQI/GF/lib/src/albanian/StructuralSqiClause.gf	21
Compl	AlbanianSQI/GF/lib/src/albanian/VerbSqi.gf	1
Prep	AlbanianSQI/GF/lib/src/albanian/CatSqi.gf	1
Prep	AlbanianSQI/GF/lib/src/albanian/DictSqiAbs.gf	12
Prep	AlbanianSQI/GF/lib/src/albanian/ExtendSqi.gf	4
Prep	AlbanianSQI/GF/lib/src/albanian/ExtendSqiFocusPrep.gf	1
Prep	AlbanianSQI/GF/lib/src/albanian/ExtendSqiHelpers.gf	1
Prep	AlbanianSQI/GF/lib/src/albanian/ExtendSqiRNP.gf	3
Prep	AlbanianSQI/GF/lib/src/albanian/LexiconSqi.gf	4
Prep	AlbanianSQI/GF/lib/src/albanian/ParadigmsSqi.gf	47
Prep	AlbanianSQI/GF/lib/src/albanian/ResSqi.gf	4
Prep	AlbanianSQI/GF/lib/src/morphodict/MorphoDictSqi.gf	1
Prep	AlbanianSQI/GF/lib/src/morphodict/MorphoDictSqiAbs.gf	21
