a	autoritar	01830403-a
a	burim i parë	01686439-a
a	dalloj	01278080-a
a	e madhe	00803275-a
a	e thellë	00803275-a
a	fiksoj	00740217-a
a	fizik	00629997-a
a	gjerësisht	01114658-a
a	i ashpër	01513050-a
a	i bollshëm	01190683-a
a	i caktuar	00940870-a
a	i dytë	02070030-a
a	i famshëm	01278080-a
a	i fortë	01509527-a
a	i fuqishëm	01825671-a
a	i gjallë	01509527-a
a	i gjerë	01382086-a
a	i hollë	01455732-a
a	i imët	01415219-a
a	i keq	01513050-a
a	i lartë	01488616-a
a	i madh	02100031-a
a	i mirënjohur	00579622-a
a	i moshuar	02100031-a
a	i mprehtë	00803275-a
a	i ndryshëm	00969333-a
a	i pakët	01415219-a
a	i palëvizshëm	00740217-a
a	i parëndësishëm	01473353-a
a	i pavlerë	01473353-a
a	i pjekur	01488616-a
a	i përcaktuar	00740217-a
a	i përmbledhur	01442826-a
a	i rende	01190683-a
a	i rritur	01488616-a
a	i rëndësishëm	01830403-a
a	i shkurtër	01442826-a
a	i shpallur	00940870-a
a	i spikatur	00579622-a
a	i tmerrshëm	01513050-a
a	i vjetër	02100031-a
a	i vogël	01415219-a
a	i çuditshëm	00608791-a
a	jotradicionale	00608421-a
a	kristalizoj	00656862-a
a	kthjelloj	00656862-a
a	masë e vogël	01415219-a
a	material	00626800-a
a	me ngjyra	00394135-a
a	me rëndësi	00579622-a
a	mikroskopik	01391351-a
a	më i madh	02100031-a
a	më i vogël	01415219-a
a	ngjyrë	00394135-a
a	origjinal	00608421-a
a	pasues	00127948-a
a	shpirtmadh	01114658-a
a	shquaj	01278080-a
a	shumë i rëndësishëm	02161982-a
a	thelbësore	01578312-a
a	themelor	01578312-a
a	tjetër	00127948-a
a	vijues	00127948-a
a	zhvillim	01488616-a
n	24orë	15155220-n
n	60 minuta	15227846-n
n	Au	14638799-n
n	Europian	09686536-n
n	Fe	14642417-n
n	H2O	14845743-n
n	Hebre	09681351-n
n	Israelit	09681351-n
n	John Barleycorn	07901587-n
n	Lojë me pasa	00492871-n
n	P	14649197-n
n	Pb	14643467-n
n	Pu	14649775-n
n	S	14656219-n
n	Sn	14658855-n
n	abazhurë	03636649-n
n	abonim	06582403-n
n	abstraksion	00002137-n
n	abstrakt	05854150-n
n	absurditet	04891683-n
n	abuzim	00419908-n
n	acid	14607521-n
n	adapt	09762509-n
n	adet	00413239-n
n	administrator	09770949-n
n	administrator akademik	09758885-n
n	administrim	08164585-n
n	admirim	07491038-n
n	adresë	07238694-n
n	aerodrom	02692232-n
n	aerodrom i vogël	02687992-n
n	aerofit	13122985-n
n	aeroplan	02691156-n
n	aeroport	02692232-n
n	afat	15224486-n
n	afat i fundit	15180082-n
n	afeksion	07544647-n
n	afishe	06793426-n
n	aftësi	05200169-n
n	aftësi drejtimi	00815320-n
n	aftësi mendore	05618056-n
n	aftësi ndijor	05651971-n
n	aftësi njohëse	00023271-n
n	afërsi	08641113-n
n	agate line	13713003-n
n	agim	07326108-n
n	agjenci	08337324-n
n	agjenci federale	08337324-n
n	agjenci shtetërore	08337324-n
n	agjensi	08057206-n
n	agjent	09777012-n
n	agjent bastesh	09865954-n
n	agjent i çështjeve gjyqësorë	00007347-n
n	agjent policor	10373801-n
n	agjent sekret	10641755-n
n	agresiv	00964569-n
n	agrikulrurë	00916464-n
n	ajër	14842703-n
n	akademik	09759069-n
n	akord	13969243-n
n	aksident	07300960-n
n	aksident i pashmangshëm	07315350-n
n	aksion	00037396-n
n	aksion në grup	01080366-n
n	aksion ushtarak	00952963-n
n	akt	00037396-n
n	akt heroik	00036762-n
n	akt i një hyjnie	07315350-n
n	akti i te folurit	07160883-n
n	aktivist	14006945-n
n	aktivitet	00407535-n
n	aktivitet biznesi	01095753-n
n	aktivitet i trurit	05770926-n
n	aktivitet ndijor	00876737-n
n	aktivitet seksual	00844254-n
n	aktiviteti njerëzor	00030358-n
n	aktor	09765278-n
n	aktor spontan	10438470-n
n	aktrim	00548326-n
n	aktualisht	15119536-n
n	aktualizim	00931847-n
n	akumulim	00372013-n
n	akuzim	00042311-n
n	aleancë	08293982-n
n	alegori	06880664-n
n	algë	01397114-n
n	algë leshterik	01397114-n
n	aliazh	14586769-n
n	alkal	14618253-n
n	alkanë	14951377-n
n	alkool	07885223-n
n	allçi	03779370-n
n	alternativë	05790944-n
n	alternim	07296428-n
n	ambalazh	03050026-n
n	ambicie	04836268-n
n	ambicion	07484547-n
n	ambicioz	04836268-n
n	ambient	08567235-n
n	ambjent	14513259-n
n	ambulancë	02701002-n
n	amfib	01627424-n
n	amfiteatër	04417809-n
n	amvise	10189776-n
n	amësim	04980008-n
n	analgjezik	02707683-n
n	ane	08510666-n
n	anekdotë	07220586-n
n	aneksoj	02713594-n
n	angazhim	01239064-n
n	anije	04194289-n
n	anije luftarake	04552696-n
n	anije trap	03329663-n
n	ankand	01117541-n
n	anketim	14513489-n
n	ankim	07208708-n
n	anomali	09606527-n
n	anoreksi	14055796-n
n	anormalitet	14501726-n
n	ansambël	08188235-n
n	antagonizëm	13980288-n
n	anullim	00231567-n
n	anë , buzë	03264136-n
n	anëtarësim	00049003-n
n	aparat	00098385-n
n	aparat akumulimi	03744840-n
n	aparat elektrik	03277771-n
n	aparat ngrohës	03508101-n
n	aparat,pajisje	02727825-n
n	aparaturë gjimnastikore	03472232-n
n	apartament	02726305-n
n	apel	07186828-n
n	aplikim	00949134-n
n	aplikim praktik	00949134-n
n	aprovim	06686736-n
n	aquatic vertebrate	01473806-n
n	ar	14638799-n
n	arachnid	01769347-n
n	arachnoid	01769347-n
n	ardhje	00048225-n
n	ardhme	15121625-n
n	arenë	04417809-n
n	argjendari	03597469-n
n	argument	07140978-n
n	argument logjik	05773049-n
n	argumentim	05773049-n
n	argëtim	00426928-n
n	arikull i fortë	03257877-n
n	aritmetikë	06000644-n
n	armatime	04565375-n
n	armatime tanku	04389033-n
n	arme	07246932-n
n	armiqësi	07547805-n
n	armiqësor	00964569-n
n	armë	04565375-n
n	arnoj	03309356-n
n	arnë	03309356-n
n	aromatik	07809368-n
n	aromatizues	07809368-n
n	aromë	04980008-n
n	arrati	00796315-n
n	arratisem	00429440-n
n	arratisje	00058743-n
n	arrest	13999663-n
n	arrestim	13999663-n
n	arritje	00035189-n
n	arrogancë	04887912-n
n	arsim	05984287-n
n	arsye	05688397-n
n	arsyetim	05651680-n
n	art	00933420-n
n	art dramatik	07006119-n
n	art gatimi	07571324-n
n	art lëvizës	08466643-n
n	arte figurative	02743547-n
n	arterie	05333777-n
n	arthropod	01767661-n
n	arti grafik	03453809-n
n	artikuj argjendarie	03597469-n
n	artikuj prej qelqi	03439064-n
n	artikuj për tualet	04447443-n
n	artikuj të cilësisë së parë	03257877-n
n	artikuj veshjesh	03051540-n
n	artikull	00021939-n
n	artikull gazetë	06269130-n
n	artikull i fortë	03257877-n
n	artikull lajmesh	06269130-n
n	artileri	07246932-n
n	artiodactyl	02394477-n
n	artiodactyl mammal	02394477-n
n	artist	09812338-n
n	artistik	02743547-n
n	arush pelushi	04399382-n
n	as	09762509-n
n	asgjesoj	00403092-n
n	asgjë	13740168-n
n	ashpërsi	04710127-n
n	asimetri	05065717-n
n	asimetrik	05065717-n
n	asistent sekretar	10569744-n
n	asistentt	09815790-n
n	asociacion	05763916-n
n	asortiment	08398773-n
n	aspekt	05850624-n
n	aspirim	07484547-n
n	aspirin	02748618-n
n	aspiroj	00815644-n
n	atletike	09820263-n
n	atletikë	00523513-n
n	atmosferë	08567235-n
n	atom	14585519-n
n	atribut	00024264-n
n	atësi	13813765-n
n	audiencë	08221897-n
n	autobus kampimi	02946348-n
n	autokamp	02946348-n
n	autokton	09620794-n
n	automjet	04524313-n
n	automobil	02958343-n
n	autonomi	13992514-n
n	autor	10794014-n
n	autoritet	09824361-n
n	autoritet suprem	08552138-n
n	autoritetet	08337324-n
n	autorizim	01138670-n
n	autorizues	01138670-n
n	autorësi	06411592-n
n	avancim	00282050-n
n	avantazh	05155821-n
n	aventurë	00796315-n
n	avion	02686568-n
n	avion pa motor	03439814-n
n	avokat	09774783-n
n	avull	15055633-n
n	avullore	04309348-n
n	baba	10080869-n
n	baba i madh	10142391-n
n	babagjysh	10142391-n
n	babe	09827683-n
n	bakër	14635722-n
n	balancë	13897996-n
n	balle	08573472-n
n	balle lufte	08573674-n
n	ballkon	02777734-n
n	ballore	08573674-n
n	ballë	05602548-n
n	band	08249038-n
n	bandvale	06260628-n
n	bandë e frekuences	06260628-n
n	bandë kërcimi	08249960-n
n	banesë	03259505-n
n	banim	01053920-n
n	banjë	02807731-n
n	banor	09620078-n
n	banues	09620078-n
n	bar	02796995-n
n	bar i keq	13085113-n
n	bar mjekësor	12205694-n
n	barishte	07811416-n
n	bark	05556943-n
n	barkë	04244997-n
n	barna	03740161-n
n	barna qetësuese	04166553-n
n	barnatore	03249342-n
n	barngrënës	01324610-n
n	barrë	14046202-n
n	bartje	00283127-n
n	bartës	01385527-n
n	base on balls	00127286-n
n	bashkiak	10303814-n
n	bashkim	00381680-n
n	bashkoj	00381680-n
n	bashkues	03091374-n
n	bashkëpunim	01202904-n
n	bashkëshort	10640620-n
n	bashkëshorte	10780632-n
n	bashkëveprim	00039021-n
n	bastvenes	09865954-n
n	bazament	02797692-n
n	baze	08191230-n
n	baze force	08191230-n
n	baze te dhenash	06637824-n
n	bazë	03387016-n
n	bazë e protezës dentare	05581349-n
n	bazë ushtarake	02798290-n
n	beard	01955318-n
n	bekim	07189411-n
n	benzinë	14686913-n
n	besim	05943066-n
n	besim fetar	05946687-n
n	besim i fortë	05942888-n
n	besimtar	09628382-n
n	besnikeri	01212882-n
n	besë	05942888-n
n	betejë	00788973-n
n	betim	00516086-n
n	bezdisje	00420477-n
n	beze	03309808-n
n	bibliotekë	03660909-n
n	bije	09992837-n
n	bima e pambukut	12175949-n
n	bimë	00017222-n
n	bimë ajri	13122985-n
n	bimë bulbëzore	13134302-n
n	bimë drunore	13103136-n
n	bimë helmuese	13100156-n
n	bimë kacavjerrëse	13100677-n
n	bimë për kopshte	13083306-n
n	bimë riprodhuese	13083586-n
n	bimë shkëmbore	13123681-n
n	bimë shtëpiake	13083023-n
n	bimë ujore	13121544-n
n	bimësi	08436759-n
n	bindje	05697363-n
n	biografi	06515827-n
n	biologji	06037298-n
n	bir	10624074-n
n	birrari	02796995-n
n	birrë	07886572-n
n	bisedim	07148192-n
n	bisedë	07133701-n
n	bisht	02157557-n
n	bishë	00015388-n
n	biznes	01094725-n
n	biznes qeveritar	09966255-n
n	biznesmen	09882007-n
n	biçikletë	02834778-n
n	biçikletë me motorr	03785016-n
n	blerje	13563522-n
n	bletë	02206856-n
n	bllok	02852523-n
n	bllok godinash	02853016-n
n	bllok katror	03144592-n
n	bllok ndertimi	09465459-n
n	bllok qyteti	08642145-n
n	bllokadë	02853218-n
n	bllokim	02853449-n
n	bllokim truri	05645199-n
n	bllokohem	05645199-n
n	bllokoj	02853449-n
n	bluaj	00358290-n
n	bodrum	02800497-n
n	bojaxhi	00609236-n
n	bojë	03875218-n
n	boks	00445802-n
n	bombardim	00978413-n
n	bombardoj	00978413-n
n	bombë	02866578-n
n	bonbone	07597365-n
n	bonifikim	07357388-n
n	bonifikoj	02679415-n
n	bord i majtë	03642928-n
n	borgjezi	08181658-n
n	borxh	13397174-n
n	boshllëk	09379111-n
n	bota	05670972-n
n	bote	02472987-n
n	botim	06596978-n
n	bravë	03682487-n
n	breg	09428293-n
n	breg kodrine	03792048-n
n	bregdet	09428293-n
n	brejtës	02329401-n
n	brendesi	08588294-n
n	brenge	07532440-n
n	brez i kositur	09452653-n
n	bri	01325417-n
n	brigadë	08242799-n
n	brilante	04814238-n
n	brinjë	05235879-n
n	britmë	07190693-n
n	brixh	13793330-n
n	budallallëk	04891333-n
n	bujari	14432032-n
n	bujqësi	00916464-n
n	bujtinë	03541537-n
n	buke	07679356-n
n	bukuri	04683814-n
n	burg	13937284-n
n	burim	04263614-n
n	burim drite	04263760-n
n	burim natyror	09443453-n
n	burim parash	13356112-n
n	burim uji	08678615-n
n	burime materiale	13353156-n
n	burime monetare	13356112-n
n	burrë	09624168-n
n	burrë afaresh	09882007-n
n	burrë e grua	07989373-n
n	butak	01940736-n
n	buze	08565701-n
n	buzë	05301908-n
n	byssus	01955318-n
n	bythë	05559256-n
n	bëj shaka	00431005-n
n	bëj shkel e shko	00074790-n
n	cak	03264542-n
n	caktim	00163779-n
n	caktim detyre	00730247-n
n	camarok	09917593-n
n	cap	02956247-n
n	capital	02956247-n
n	celebrim	00516086-n
n	central	02994858-n
n	central telefonik	02994858-n
n	cep	03109881-n
n	ceremoni	01027379-n
n	ceremoni fetare	01028082-n
n	ceremoni martesë	07452074-n
n	ceremoni martësore	01036996-n
n	chapiter	02956247-n
n	cicërimë	07379409-n
n	cigare	03030663-n
n	cikerrime	13771404-n
n	cikël	15256714-n
n	cilindër	07349532-n
n	cilësi	04723816-n
n	cilësi e përcaktuar	13576101-n
n	cipë	05238282-n
n	cnidarian	01909422-n
n	coelenterate	01909422-n
n	cohë	03309808-n
n	cokollate	07601999-n
n	constituent	05868954-n
n	containerful	13756125-n
n	copë	03932203-n
n	copë toke	08674739-n
n	copë veshjesh	03932670-n
n	copëtim	09258715-n
n	copëz	06892016-n
n	copëzim	00397953-n
n	crack	14485673-n
n	crustacean	01974773-n
n	cupeline	09917593-n
n	dada	08466412-n
n	dadaism	08466412-n
n	dajë	10736091-n
n	dalje	00058519-n
n	dallgëzim	07345593-n
n	dallim	04749572-n
n	damkë hekuri	03585337-n
n	damë	00502952-n
n	dashamirësi	00034574-n
n	dashuri	01212882-n
n	dasmë	07452074-n
n	datë	15159583-n
n	debat	07181935-n
n	debate	07140978-n
n	dedikim	06684383-n
n	defekt	00070965-n
n	defiçit	14449405-n
n	dega e studimit	05996646-n
n	dege	08401248-n
n	degjenerim	00271263-n
n	degë	13163250-n
n	dekadë	15204983-n
n	deklarate	06725877-n
n	dekor	03169390-n
n	dekrementoj	13458571-n
n	dekret	06532095-n
n	dekret ligji	06535222-n
n	delegacion	08402442-n
n	delegim	08402442-n
n	delikatesë	07557165-n
n	dem	07420770-n
n	demaskim	07213395-n
n	demokraci	08361329-n
n	demoralizim	00272713-n
n	demostrim	06879180-n
n	dentist	10004282-n
n	departament	08114861-n
n	depo	03177349-n
n	depo hekurudhor	04611154-n
n	depo makinash	04611154-n
n	depozit	13349662-n
n	depozitim	09428967-n
n	depozitoj	00372448-n
n	depozitë	00372448-n
n	derdhet	00329227-n
n	derdhje	00329819-n
n	derrkuc	02395694-n
n	desert	07609840-n
n	destinacion	07330007-n
n	det	09426788-n
n	detaj	05817845-n
n	detyrim	05161436-n
n	detyrë	00586262-n
n	detyrë mbeshtetese	08352303-n
n	detyrë mbrojtëse	00730538-n
n	devijim	07366289-n
n	devocion	01040646-n
n	dhe	09335240-n
n	dhembshuri	07544647-n
n	dhen	02411705-n
n	dhimbje	07494363-n
n	dhimbjeheqës	02707683-n
n	dhome	07985948-n
n	dhomë	03003730-n
n	dhomë në papafingo	03686130-n
n	dhunim	00770270-n
n	dhunoj	00770270-n
n	dhunë	00965404-n
n	dhuratë	01086081-n
n	dhuroj	01086081-n
n	dhëmb	05282746-n
n	dhëmbë	02155872-n
n	dhënie me qera	13248393-n
n	dialog	07148192-n
n	dieni	05675905-n
n	diferencë	07181935-n
n	diferencë opinionesh	07181935-n
n	difuzion	13465530-n
n	dijeni	00023271-n
n	dijetar aplikimesh	09615807-n
n	diktim	07168131-n
n	dikush	00007846-n
n	dimension	05091194-n
n	dimër	15237782-n
n	dioqezë	08550966-n
n	disa gjëra të ndryshme	04345288-n
n	disavantazh	05161614-n
n	disfatë	07475364-n
n	disiplinë	04881623-n
n	disk	13875185-n
n	disk drive	03209666-n
n	diskutim	07138085-n
n	disonancë	07430211-n
n	distance	07505871-n
n	distancë	05084201-n
n	dita yjore	15208333-n
n	dituri	05804793-n
n	ditë	15208540-n
n	ditë e shënuar	15157225-n
n	ditë pune	15136723-n
n	ditë pushimi	15183428-n
n	ditë të errëta	15167577-n
n	ditët e muajit	15159583-n
n	divan	04162998-n
n	divizion	08213205-n
n	divizion ajror	08219330-n
n	divizion detar	08219226-n
n	dizenjo	03178782-n
n	djallos	00074790-n
n	djalosh	09908025-n
n	djalë	09908025-n
n	djathtas	08625073-n
n	djathë	07850329-n
n	dje	15120823-n
n	dobësi	05040275-n
n	dobësim	13457378-n
n	dobësim i kockave	14066203-n
n	dogmë	05941423-n
n	doktor	10020890-n
n	doktor dhëmbësh	10004282-n
n	dokument	03217458-n
n	dokument ligji	06479665-n
n	dokument zyrtar	06479665-n
n	dollap në mur	04550184-n
n	dollap për rroba	03015254-n
n	dollap rrobash	04550184-n
n	dollar	13391967-n
n	domethënie	05169813-n
n	dominancë	14441825-n
n	dore	01208460-n
n	dore letrash	07956887-n
n	dore ndihmuese	01208460-n
n	dorezë	03485997-n
n	dorezë kamzhiku	03134496-n
n	dorë	05637965-n
n	dorëzim	00093483-n
n	dorëzohem	00067707-n
n	dosje te dhënash	06508816-n
n	dotrinë	05943300-n
n	dramatik	07006119-n
n	dramaturgji	07006119-n
n	dredh	13936939-n
n	dredhi	05905802-n
n	drejtesi	06532330-n
n	drejtim	00038262-n
n	drejtim i gabuar	00732746-n
n	drejtim politike	06212839-n
n	drejtkendesh	13873361-n
n	drejtor	10014939-n
n	drejtor ekzekutiv	10069645-n
n	drejtues	01256417-n
n	drejtues shfaqjeje	10593745-n
n	drejtues shteti	10164747-n
n	drejtë	05174653-n
n	drejtësi	04850117-n
n	dremitje	15273626-n
n	dridhem nga frika	07520112-n
n	dridhje	07520112-n
n	drita	11473954-n
n	dritare	04587648-n
n	drith	12101870-n
n	drithëra	07802417-n
n	drithërimë	07520112-n
n	dritë dielli	11485367-n
n	dritë e diellit	11485367-n
n	dritë hëne	11484975-n
n	drogë	03247620-n
n	dru	08438533-n
n	dru zjarri	15100644-n
n	druajtje	07524529-n
n	drurë pylli	09284015-n
n	duhan	04103491-n
n	dukuri atmosferike	11425580-n
n	dukuri elektrike	11449002-n
n	dukuri fizike	11419404-n
n	dukuri mekanike	11480698-n
n	dukuri optike	11490638-n
n	dukuri organike	11418750-n
n	dyanshmeri	13841213-n
n	dyluftim	07464725-n
n	dyndje	00972621-n
n	dyqan	04202417-n
n	dyshek	03731164-n
n	dysheme	03365592-n
n	dyshim	05698247-n
n	dëbim nga atdheu	00056087-n
n	dëborë	11508382-n
n	dëfrim	00512522-n
n	dëgjim	14484778-n
n	dëgjoj	00882159-n
n	dëmshpërblim	00089351-n
n	dëmtim	00403092-n
n	dëmtoj	00403092-n
n	dënim	01160342-n
n	dërgesë	00317207-n
n	dërgim	00061290-n
n	dërrasë hekurosjeje	03586090-n
n	dëshirë	07185870-n
n	dëshirë seksuale	07487955-n
n	dëshmi	06643408-n
n	dëshpërim	07535010-n
n	dështim	00066636-n
n	dështoj	00074790-n
n	e ardhme	15121625-n
n	e bën për vdekje	00219012-n
n	e dale	13894434-n
n	e drejte	01181475-n
n	e drejtë hyrjeje	00049003-n
n	e drejtë zgjedhjeje	00161243-n
n	e gjithë	05814162-n
n	e kaluara	15123996-n
n	e metë	00070965-n
n	e plote	00003553-n
n	e shijshme	07557165-n
n	e shtënë	00122661-n
n	e ushqyeshme	07570720-n
n	e vecante	13809920-n
n	eccentric	10042845-n
n	eci	00283568-n
n	ecje	00279835-n
n	ecje e lehtë	00308370-n
n	edukator	10045713-n
n	edukim	00611433-n
n	efekt	05034225-n
n	efekthmëri	05034225-n
n	efektshmëri	05199286-n
n	efikasitet	05199286-n
n	egoizëm	04835028-n
n	egër	13939353-n
n	egërsi	07516997-n
n	ekip	07985384-n
n	ekluzë	03683079-n
n	ekonomat	10677271-n
n	ekonomi	08366753-n
n	ekonomi bujqësore	00916464-n
n	ekonomi shtepie	08078020-n
n	ekonomizim	00192613-n
n	ekscentrik	09909060-n
n	ekskursion	00308370-n
n	ekspeditë ushtarake	00968155-n
n	eksperiencë	07285403-n
n	eksperiment	00639556-n
n	ekspert	09617867-n
n	eksplosion	07308563-n
n	eksploziv	03304730-n
n	ekspo	08407619-n
n	eksportoj	03306207-n
n	ekspozim	00521209-n
n	ekspozim pikturë	06613686-n
n	ekstrem	08568978-n
n	ekuator	08568719-n
n	ekuilibrim	13897996-n
n	ekuilibër	13897996-n
n	ekuipazh	08242799-n
n	ekzaminim	00635850-n
n	ekzekutim	00220522-n
n	ekzibicion	08407619-n
n	ekzistence	09466280-n
n	ekzistencë	13954253-n
n	ekzistencë jete	00006269-n
n	elegance	07557165-n
n	elegancë	04812268-n
n	elektricitet	11449907-n
n	element	03081021-n
n	element familje	07970406-n
n	element kimik	14622893-n
n	element metalik	14625458-n
n	element njohës	05686481-n
n	element pastrues	03040587-n
n	element përbërës	05868954-n
n	elementë kryesor	14596700-n
n	elipse	13878306-n
n	emblemë	03185562-n
n	emigracion	00056087-n
n	emigrim	00056087-n
n	emision	06568978-n
n	emision i kompjuterikzuar	06568978-n
n	emocion	07480068-n
n	emri i familje	06336904-n
n	emër	06333653-n
n	emër profesion	06845599-n
n	emërim	07230502-n
n	ena arteriale e gjakut	05333777-n
n	energji	11452218-n
n	energji elektrike	11443532-n
n	engjëll	09538915-n
n	entitet	00001740-n
n	entuziazëm	07555014-n
n	enë	03094503-n
n	enë gjaku	05397333-n
n	enëzor	05397178-n
n	epifit	13122985-n
n	episode	07289956-n
n	epokë	00028270-n
n	epsh	07487955-n
n	epërsi	05155821-n
n	erashkë	13907415-n
n	erozion	13475538-n
n	errësirë	15167027-n
n	erë	04980008-n
n	erëza	07809368-n
n	escape	11553419-n
n	eshtra	05218119-n
n	eshtër	05269901-n
n	etiketë	08240169-n
n	etje	14039534-n
n	even-toed ungulate	02394477-n
n	event	07283608-n
n	event periodike	07296190-n
n	event shoqëror	07288639-n
n	eventet e shitjes	01117723-n
n	eventualisht	07290761-n
n	evolucion	00250259-n
n	exezekutiv	10069645-n
n	experiencë	05758059-n
n	experimentim	00639556-n
n	f number	13821408-n
n	fabrika e biznesit	03953020-n
n	fabrikant	10292316-n
n	fabrikim	00912001-n
n	fabrikë	03316406-n
n	faj	13990675-n
n	fajësi	13990675-n
n	fakt	00034479-n
n	fakt bindës	05824739-n
n	faktor	05868954-n
n	falem	01028655-n
n	falenderim	07228971-n
n	falimentim	13466312-n
n	falje	01227495-n
n	falsifikim	00751145-n
n	faltore	03953416-n
n	familjar	09945905-n
n	familje	07969695-n
n	famë	14437386-n
n	fanatizem	06206334-n
n	fantazi	05700793-n
n	faqe	03313456-n
n	far	02814860-n
n	fare	05839024-n
n	farefis	07969695-n
n	faring	05547508-n
n	farmaci	03249342-n
n	fat	07330007-n
n	fat i keq	07304852-n
n	fatkeqesi	07304852-n
n	fatlume	11418460-n
n	fatmirësi	11418460-n
n	faturë pagesë	06492939-n
n	fauna	00015388-n
n	fazë	15290337-n
n	fe	05946687-n
n	federate	08303275-n
n	femer	09989290-n
n	femër	01320872-n
n	femër e rritur	10787470-n
n	fenomen	00034213-n
n	fenomen natyror	11408559-n
n	fermë	03322099-n
n	ferr	05629682-n
n	ferrë	08438223-n
n	feste	07447641-n
n	feste politike	08256968-n
n	festim	00428000-n
n	festival	00517728-n
n	festë	00517728-n
n	fetë	07654667-n
n	fibër	14866889-n
n	fidanishte	03457902-n
n	figure	13862780-n
n	figurë	13937075-n
n	figurë dy dimensionale	13863186-n
n	figurë planare	13863186-n
n	figurë zbukurimi	03178782-n
n	fije , pe , spango	03106110-n
n	filet mishi	02463403-n
n	filiz	01321579-n
n	fill	04426788-n
n	fillesë	15266034-n
n	fillim	07290905-n
n	fillimi	07325190-n
n	filloj	00235435-n
n	film	06613686-n
n	filozofi	05943300-n
n	financa	08054721-n
n	financë	01098698-n
n	firmë biznesi	08059870-n
n	fis	07969695-n
n	fisnikëri	14432032-n
n	fitim	13254805-n
n	fitoj	00032613-n
n	fitore	00062806-n
n	fizik	05009170-n
n	fizika e përgjithshme	06090869-n
n	fizikë	06090869-n
n	fiziologjik	05005250-n
n	fjale	06286395-n
n	fjale per pikturë	07201804-n
n	fjalim	07138085-n
n	flakje	00043609-n
n	flete	06256229-n
n	flete letre	06255777-n
n	flete shkrim	06362953-n
n	fletë e hollë	04188643-n
n	flirtim	00512522-n
n	flirtoj	00512522-n
n	flok	05254795-n
n	flokë	07990956-n
n	flora	00017222-n
n	flori	14638799-n
n	fluturim	08220534-n
n	focal ratio	13821408-n
n	fodull	07508486-n
n	fokusim	05704694-n
n	fole infektimi	14182697-n
n	folur	05650820-n
n	fondacion	13790712-n
n	fonde	13356112-n
n	fonde investuese	13333237-n
n	fonde monetare	13358549-n
n	force	08198398-n
n	force e armatosur	08199025-n
n	force e mbinatyrshme	07315350-n
n	force krahu	08212347-n
n	force policie	08209687-n
n	force punëtorë	08212347-n
n	forcë	00965404-n
n	forcë lëvizëse	00103834-n
n	forcë për njësi hapësire	11495041-n
n	forcë shtytëse	00045250-n
n	forma e fjalës	06290637-n
n	formacion	08426461-n
n	formacion gjeologjik	09287968-n
n	format e klases	06317464-n
n	forme	06290637-n
n	forme amorfe	13867492-n
n	forme e harkuar	13867641-n
n	forme e mysët	13864153-n
n	forme e rumbullaket	13865483-n
n	forme e shtrembert	13867276-n
n	forme këndorë	13864763-n
n	forme natyrale	13862282-n
n	formim	00237078-n
n	formim kulturor	05823517-n
n	formoj	00378985-n
n	formulim	06722453-n
n	formulë	14873641-n
n	formë	00027807-n
n	fortë	05035353-n
n	fortësi	05035353-n
n	fosfor	14649197-n
n	foshnjë	09827683-n
n	fosil	09284589-n
n	foto	03925226-n
n	fotografi	03925226-n
n	fqinj	08641113-n
n	fqinjësi	08641113-n
n	fragment	07037465-n
n	fragment muzikor	07037465-n
n	frazë	07154330-n
n	frenim	00808182-n
n	frike	07519253-n
n	frikësim	07519253-n
n	frme	08059870-n
n	front	11460488-n
n	fruta te ngrënshme	07705931-n
n	frutë	13134947-n
n	frymëmarrje	00831191-n
n	frymënxjerrje	00831191-n
n	fryrje	01173038-n
n	frëngji	03984908-n
n	frëngji për topat	03984908-n
n	fshat	08226699-n
n	fsheharak	00752431-n
n	fshehje	00752431-n
n	ftese	07186148-n
n	ftohtësi	04629604-n
n	fund	00209943-n
n	fundar	09217638-n
n	fundi	06398401-n
n	fundërrine	08401819-n
n	funeral	07451463-n
n	funksion	05149325-n
n	funksion matematike	13783816-n
n	funksion social	07447261-n
n	funksionar	10372373-n
n	funksione trupore	13440063-n
n	funksioni	00720565-n
n	funksionim	13525549-n
n	fuqi	05029706-n
n	fuqi e dytë	13731021-n
n	fuqi punëtore	00620752-n
n	furnitor	10677271-n
n	furnizim	01057200-n
n	furnizoj	01057200-n
n	furtunë e fuqishme	11462526-n
n	furçë	02908217-n
n	fusha e subjektit	05996646-n
n	fushatë	00798245-n
n	fushe	02687992-n
n	fushe aeroplanesh	02687992-n
n	fushe loje	08570758-n
n	fushë	05996646-n
n	fushë ,qoshk	04053218-n
n	fushë e rregullt	04091839-n
n	fushë loje	02857023-n
n	fushë shahu	03011521-n
n	fushë shkencore	05999797-n
n	fustan	03236735-n
n	fut ( 30 ,5 cm)	13650045-n
n	futboll	00468480-n
n	futje në përdorim	00320852-n
n	futje të dhënash	00049003-n
n	fyerje	01225027-n
n	fyes	01224031-n
n	fyt	05547508-n
n	fyturë	05600637-n
n	fytyrë	04679549-n
n	fëlliq	00276620-n
n	fëmijë	09827683-n
n	fëmijëri	14427065-n
n	g	13723712-n
n	gabim	00070965-n
n	gabim i lehtë	00074524-n
n	gabim trashanik	00074790-n
n	gaf	00074790-n
n	galaktike	08271042-n
n	galeri	08240169-n
n	gametë	05456945-n
n	gangsterë	08245172-n
n	garanci	06685456-n
n	gardh	02796623-n
n	gardian	09614684-n
n	gare	07458453-n
n	gare ecje	07460104-n
n	gare me nderim	07464083-n
n	garniturë	00262743-n
n	garë force	00446493-n
n	gatim	00243918-n
n	gaz	00429949-n
n	gazetar	10224578-n
n	gazetë	03822171-n
n	gazetë publike	06263369-n
n	gazolinë	14686913-n
n	gdhendje	10284064-n
n	gdhendje me shkronja	06405699-n
n	germadhe	07334490-n
n	gic	02395694-n
n	gisht	05566097-n
n	give-and-take	07140659-n
n	gjah	02152881-n
n	gjak	05399847-n
n	gjallëri	00552436-n
n	gjallërim	00552436-n
n	gjalpi	07848338-n
n	gjatësi hapi	13757249-n
n	gjedh	02401031-n
n	gjedhe	03777283-n
n	gjelltore	04081281-n
n	gjemoj	07377473-n
n	gjendja martësore	13963757-n
n	gjendje	00024720-n
n	gjendje e arkës	13375891-n
n	gjendje e egër	13939353-n
n	gjendje e keqe	14055408-n
n	gjendje e keqe shëndetësore	14061805-n
n	gjendje e lëndës	14479615-n
n	gjendje emocionale	13985818-n
n	gjendje fiziologjike	14034177-n
n	gjendje jo normale	14501726-n
n	gjendje kome	05680193-n
n	gjendje mendore	14373582-n
n	gjendje njohëse	05669934-n
n	gjendje normale	14379501-n
n	gjendje psikologjike	14373582-n
n	gjendje shpirtërore	04620558-n
n	gjeneratë	08369406-n
n	gjeni	09762509-n
n	gjest	00331950-n
n	gjethe	06256229-n
n	gjethnajë	13152742-n
n	gjetje	00043195-n
n	gjezdis	00283127-n
n	gjilpërë	03816136-n
n	gjini	05006898-n
n	gjitar	01861778-n
n	gjitar i ri	01321854-n
n	gjithë	05869584-n
n	gjithë biseda	05814162-n
n	gjiton	10352299-n
n	gjobis	01160342-n
n	gjoks	05552607-n
n	gju	05573602-n
n	gjuaj	00136329-n
n	gjuajtje	00043902-n
n	gjueti	00945401-n
n	gjuha e shkruar	06349220-n
n	gjuhe	06282651-n
n	gjuhe e folur	07109196-n
n	gjuhe natyrale	06904171-n
n	gjuhë	05301072-n
n	gjuhësi	06172789-n
n	gjumë	15273626-n
n	gjurmim	00644366-n
n	gjurmë	05826914-n
n	gjykatë	08329453-n
n	gjykatës	10225219-n
n	gjykim	00874067-n
n	gjykim i shëndosh	04892084-n
n	gjykues	10066732-n
n	gjymtyrë	05559908-n
n	gjynah	00757080-n
n	gjyq	08329453-n
n	gjyqtar	10225219-n
n	gjysh	10142391-n
n	gjyshe	10142747-n
n	gjyshër	10143172-n
n	gjë	00034479-n
n	gjë e trashëguar	00083585-n
n	gjëmim	07376257-n
n	gjëndrat e lotit	05405139-n
n	gjëndër	05576194-n
n	gjëra	05855004-n
n	gjëra të ndryshme	04345288-n
n	glob	07961016-n
n	globe	09270894-n
n	goce	10084295-n
n	gocë deti	01940736-n
n	godas	00136329-n
n	godinë	02913152-n
n	goditje	00125629-n
n	gojor	07198846-n
n	gojë	05302499-n
n	gomarllëqe	04891683-n
n	gosti	00428000-n
n	gostisje	07557165-n
n	gotë	03438257-n
n	gotë qelqi	03438257-n
n	grabis	00138956-n
n	grabitqar	02152740-n
n	grabitës	08401819-n
n	grackë	03829563-n
n	gradacion	13780180-n
n	gradim	00999245-n
n	gradë	05093890-n
n	grafik	06998748-n
n	gramë	13723712-n
n	grevë	01243674-n
n	grevë urie	01242962-n
n	grimcë	09386422-n
n	grindje	07448038-n
n	grisje	09410928-n
n	gropë	03302121-n
n	gropë , vrimë	03526198-n
n	gropë me ujë	08678615-n
n	grua	08477634-n
n	grua e re	10129825-n
n	grua shtepie	10189776-n
n	grumbull	07961480-n
n	grumbull hekurishtesh	02924554-n
n	grumbullim	01014066-n
n	grumbulloj	00372013-n
n	grup	00031264-n
n	grup biologjike	07941170-n
n	grup familjar	07969695-n
n	grup farefisnor	07969695-n
n	grup gjaku	05400601-n
n	grup informatoresh	08274718-n
n	grup interesash	07968702-n
n	grup kafshësh	07993929-n
n	grup kimik	14621446-n
n	grup komunikimi	06261260-n
n	grup muzikal	08246613-n
n	grup politik	08359949-n
n	grup profesional	08403631-n
n	grup social	07950920-n
n	grup tabelash	08266235-n
n	grup ushtarak	08198398-n
n	grupazh	08240633-n
n	grupim	00031264-n
n	grupim moshë	07943480-n
n	grupmoshë	07943480-n
n	grupoj	01012360-n
n	grykë	09362316-n
n	grykë mali	09386842-n
n	guaskë	01904182-n
n	guaskë deti	01940736-n
n	gumezhitje	07386920-n
n	gur	09227839-n
n	gur i themelit	05793554-n
n	guralec	14696793-n
n	gurr i çmuar	09416076-n
n	gurr ne veshka	09230768-n
n	gëlltitje	00838098-n
n	gëmushë	13112664-n
n	gënjeshtër	00752431-n
n	gënjim	00515414-n
n	gërgëre	04454240-n
n	gërmadhë	00217014-n
n	gërryerje	13475538-n
n	gëzim	00428000-n
n	gëzof	01895735-n
n	habi	07509572-n
n	hajat , hyrje	03984381-n
n	hajdutllëk	00780889-n
n	hak	01181475-n
n	hakmarrje	07213395-n
n	hall	05687338-n
n	hallakatje	00787061-n
n	hallkë	03533972-n
n	hamendje	05892096-n
n	hamshorë	02377181-n
n	hap	00285557-n
n	hap i madh	13757249-n
n	hap zjarr	00986938-n
n	hapa	00533922-n
n	hapa kërcimi	00533922-n
n	hapje	00383390-n
n	hapsire	06389553-n
n	hapsire e bardhe	06389553-n
n	hapsire loje	08570758-n
n	hapsire matematike	08001685-n
n	hapsire topologjike	08001685-n
n	hapësirë	05062748-n
n	hapësirë ndarje	05083328-n
n	hapësirë,zonë	02735688-n
n	hard drive	03209666-n
n	hardhi	13100677-n
n	hark	02733524-n
n	harmoni	07175241-n
n	hartim	03081660-n
n	hartë	03720163-n
n	harxhim	13451804-n
n	hedhje	00043609-n
n	hedhje poshtë	00203342-n
n	hedhje shorti	00183505-n
n	heje	00216174-n
n	hekur	03585337-n
n	helikopter	03512147-n
n	helm	15032376-n
n	hemisferë	08583095-n
n	heq	00043609-n
n	heq dore	07206096-n
n	hesht	01062817-n
n	heshtje	04652438-n
n	heshtë	04271148-n
n	hetim	00633864-n
n	hidhem	00119568-n
n	hidhërim	13989051-n
n	hijeshi	14458181-n
n	hile	00752431-n
n	hipotezë	05888929-n
n	histori	06514093-n
n	histori dashurie	13931436-n
n	histori jete	06515827-n
n	hit	00064504-n
n	hiç	13740168-n
n	holl	03718581-n
n	holl ,sallon pritje	03478756-n
n	hollësi	04711256-n
n	hominid	02471762-n
n	hormon	05407119-n
n	hotel	03541696-n
n	hotel i vogël	03541537-n
n	hoy	02792552-n
n	huadhënie	13398953-n
n	humaniteti	02472987-n
n	humbje	00067526-n
n	humbje e mendjes	00515414-n
n	humbje financiare	13327896-n
n	humbje ndjenjash	05678932-n
n	humor	07551052-n
n	hutim	00515414-n
n	hydrokarbur	14911057-n
n	hyjni	09505418-n
n	hymenopter	02206270-n
n	hymenopteran	02206270-n
n	hymenopteron	02206270-n
n	hymenopterous insect	02206270-n
n	hyrje	00049003-n
n	hënë	09358550-n
n	i anasjelltë	13858833-n
n	i ardhur	00049003-n
n	i burgosur	13998576-n
n	i dashur	09849598-n
n	i dashuruar	09622302-n
n	i dhimshëm	13989051-n
n	i egër	13939353-n
n	i embel	09849598-n
n	i errët	13983515-n
n	i fuqishëm	14482620-n
n	i gatshëm	01143040-n
n	i gjallë	13961642-n
n	i gjithë	00003553-n
n	i hedhur	13961642-n
n	i huaj	10103485-n
n	i jashtëm	08613593-n
n	i kundërt	13858833-n
n	i kushtueshëm	14492373-n
n	i lugët	13864965-n
n	i moshuar	10376523-n
n	i ngrënshme	07556637-n
n	i njomë	01321579-n
n	i pafat	09630641-n
n	i palidhur	13794226-n
n	i paprekur	14526764-n
n	i pari	09906986-n
n	i pavdekshem	09505418-n
n	i potershëm	00064504-n
n	i punësuar	10053808-n
n	i përkohshëm	05044528-n
n	i ri	09917593-n
n	i rrumbullake	07961016-n
n	i shpejtë	05058140-n
n	i shtrenjtë	09849598-n
n	i sëmurë	14052046-n
n	i vdekshëm	00007846-n
n	i zoti	09762509-n
n	ibrik	13769033-n
n	ide	05770926-n
n	ide e drejtë	04753455-n
n	ideal	05923696-n
n	identifikim	06885083-n
n	identik	04743024-n
n	identitet	04618070-n
n	ideologji	06212839-n
n	idiom	07154330-n
n	idiom frazeologjike	07154330-n
n	ikje	00042757-n
n	ikon	03925226-n
n	ilaç	03740161-n
n	ilaç qetësues	04166553-n
n	iluminim	13983147-n
n	ilustrim	05820620-n
n	imagjinatë	05625465-n
n	imitacion	00549472-n
n	imitim	00549284-n
n	impiant ngrohje	03509025-n
n	implementim	00044150-n
n	import	03564667-n
n	importim	03564667-n
n	impotencë	05204637-n
n	impuls	07308042-n
n	impuls nervor	07308042-n
n	inat	07516354-n
n	incident	07307477-n
n	ind	05267345-n
n	indiference	07505676-n
n	indigjen	09620794-n
n	individ	00007846-n
n	individuale	10203839-n
n	individualitet	04618070-n
n	industri	00923444-n
n	inekzistencë	13959931-n
n	infeksion	14174549-n
n	infektim	00276987-n
n	infermiere	10366966-n
n	inflacion	13498828-n
n	influencë	00157081-n
n	informacion	05816287-n
n	informim	06634376-n
n	informuar	05675905-n
n	infrastrukturë	03569964-n
n	ingredient	07809096-n
n	inkrement	13497135-n
n	inkuadrim	03391770-n
n	inspektim	00652069-n
n	instalim	00266806-n
n	instance	07308889-n
n	institucion	03297735-n
n	institucion edukimi	08276342-n
n	institucion mjekësor	08053905-n
n	institut	08407330-n
n	instrument	03574816-n
n	instrument i njehsueshëm	03733925-n
n	instrument ligji	06479665-n
n	instrument me perkusion	03915437-n
n	instrumenta me tela	04338517-n
n	instrumente	03575240-n
n	instrumente muzikore	03800933-n
n	instrumentist	10340312-n
n	intelekt	05618849-n
n	intelektual	09621545-n
n	inteligjencë	05617606-n
n	interes	05682950-n
n	interesant	05192451-n
n	interesante	05192451-n
n	interesim	00431552-n
n	interferent	01073995-n
n	interlinjë	03651265-n
n	interpretoj	00548326-n
n	interrogim	07193958-n
n	interstice	05230171-n
n	interval	15269513-n
n	interval kohe	15270245-n
n	interval kohor	15269513-n
n	intolerance	06205154-n
n	investigim	00633864-n
n	investim	01099436-n
n	inxhinier	09615807-n
n	inxhinieri	06125041-n
n	iriq deti	02316707-n
n	ishull	03587318-n
n	itinerar	08616311-n
n	jaht	04610013-n
n	jaht garash	04610013-n
n	jakë	03068181-n
n	jastëk	03151500-n
n	jastëçkë për gjilpëra	03942126-n
n	javë	15169873-n
n	javë pune	15135996-n
n	jeep	03594945-n
n	jeshile	07709333-n
n	jesnaf	09974648-n
n	jeta	06515827-n
n	jete	09178727-n
n	jetesë	05810561-n
n	jetë	05810561-n
n	jetë bashkëshortore	13963970-n
n	jetë bimore	00017222-n
n	jetëgjatësi	13961399-n
n	jo arritës	00066216-n
n	jo emocional	04629194-n
n	jo origjinal	04801168-n
n	jo shtetas	10103485-n
n	jovertebror	01905661-n
n	juri	08414119-n
n	juridiksion	08329453-n
n	jurist	10225219-n
n	justifikim	05823054-n
n	kabriolet	02931013-n
n	kacavirrem	00325110-n
n	kacube	08438223-n
n	kadife	03106722-n
n	kadife me vija	03106722-n
n	kafe	07929519-n
n	kafshe pune	01316949-n
n	kafshë	00015388-n
n	kafshë brejtëse	02329401-n
n	kafshë gjahu	02152991-n
n	kafshë grabitqare	02152740-n
n	kafshë me thundër	02370806-n
n	kafshë ngarkesë	01317089-n
n	kafshë për kafshë	01317391-n
n	kafshë shtëpiake	01317541-n
n	kaike	02951358-n
n	kalama	09917593-n
n	kalbje	14560612-n
n	kalbje dhembi	13444513-n
n	kalendar	15173479-n
n	kalibrim	00999245-n
n	kalim	00201058-n
n	kalim kohe	00431552-n
n	kalime	00119568-n
n	kallaj	14658855-n
n	kalli	13133613-n
n	kaluar	15141693-n
n	kaluç	04524142-n
n	kalë	02374149-n
n	kam	00032613-n
n	kam nevojë	14449126-n
n	kamare	04061969-n
n	kambanë	02824858-n
n	kamion	04490091-n
n	kamion i vogël	02814533-n
n	kamionçinë	02814533-n
n	kamionçinë plazhi	02814533-n
n	kamionçinë stacioni	02814533-n
n	kamje	13250398-n
n	kamp	02945161-n
n	kamping	09393605-n
n	kampion	09762509-n
n	kamzhik	04577769-n
n	kanal	05248181-n
n	kandër	02159955-n
n	kanoe,anije lumore	02792552-n
n	kanotazh	00445351-n
n	kap	00138956-n
n	kapacitet mendor	05618056-n
n	kapak	02954938-n
n	kapelë	03497657-n
n	kapital	13353607-n
n	kapital aktiv	13354420-n
n	kapitalizëm	09609232-n
n	kapitullim	00067707-n
n	kapsul qetësues	02707683-n
n	kapuç	03497657-n
n	karakatinë	02924554-n
n	karakter	04620216-n
n	karakteristikë	04731497-n
n	karakteristikë trupore	04997988-n
n	karakterizim	00548802-n
n	karbon	14633206-n
n	karies	13444513-n
n	karies dentar	13444513-n
n	karikaturë	00549610-n
n	karkasë makinerie	03546766-n
n	karrige	00721431-n
n	karrocë	02968473-n
n	karshillek	13811410-n
n	kartë	06492939-n
n	kartë qenderimi	06492939-n
n	kartë telefoni	06633205-n
n	kartëvizite	06633205-n
n	kat	03365991-n
n	kat përdhese	03463381-n
n	katalog	06495000-n
n	kategori	05838765-n
n	kategori gramatikore	06309383-n
n	kategori sintaksore	06309383-n
n	kategorizoj	05732756-n
n	kati i parë	03463381-n
n	katranos	00074790-n
n	katror	13731021-n
n	katund	08226699-n
n	kavitet	13444513-n
n	kaçubë	13112664-n
n	kek	07628870-n
n	kenete	09347779-n
n	keqardhje	07535670-n
n	keqbërje	00735936-n
n	keqbërës	00732746-n
n	keqdashje	00745637-n
n	keqkuptim	00070965-n
n	keqpërdorim	00419908-n
n	keqtrajtim	00418025-n
n	keqësim në cilësi	13464204-n
n	kerkese	07185325-n
n	kerkese indirekte	07185870-n
n	key	13724838-n
n	kimi	06084469-n
n	kimik	14806838-n
n	kinema	06613686-n
n	kinkaleri	03252064-n
n	kishë	01032368-n
n	klan	07970721-n
n	klasa	07997703-n
n	klasat e fjalës	06317464-n
n	klasifikim	05732756-n
n	klasifikoj	05732756-n
n	klasë	08238463-n
n	kler	08152787-n
n	klientele	08401554-n
n	kllapë hekuri	03126090-n
n	kllapë shtrënguese	03126090-n
n	klub	03054311-n
n	koalicion	08293982-n
n	kockë	05269901-n
n	kodër	09303008-n
n	koha dimërore	15237782-n
n	koha e ditës	15228378-n
n	koha e jetës	15144371-n
n	koha e lojës	15256915-n
n	koha e sotshme	15119536-n
n	koha muzikore	15122011-n
n	koha pranverore	15237044-n
n	koha yjore	15208162-n
n	kohe	06329506-n
n	kohezion	14420464-n
n	kohë	00028270-n
n	kohë e ardhme	15121625-n
n	kohë e gjatë	15242955-n
n	kohë e limituar	15224156-n
n	kohë e shkuar	15120823-n
n	kohë e vazhduar	15123754-n
n	kohë gjeologjike	15116283-n
n	kohë kozmike	15116724-n
n	kohë periodike	15113229-n
n	kohë pune	15118228-n
n	kohë përpara	15120823-n
n	kohëmatës	04437953-n
n	koks	14685768-n
n	kokë	05538625-n
n	kokë e madhe	05618056-n
n	kokë shteti	10164747-n
n	kokëfortë	04907269-n
n	kokëshkëmb	04907269-n
n	koleg	09816771-n
n	kolegj	03069752-n
n	koleksion	06591442-n
n	koloni	00920510-n
n	kolonializëm	00426526-n
n	kolonizim	08374049-n
n	komandë	07168131-n
n	kombinacion	07963711-n
n	kombinim	00378985-n
n	kombinoj	00378985-n
n	kombëtar	09625401-n
n	koment	06765044-n
n	komentim	06686736-n
n	komercializëm	01090446-n
n	komfort	07492516-n
n	komision	01140471-n
n	komisioner	09777012-n
n	komitet	08324514-n
n	komoditet	14445379-n
n	kompani	08058098-n
n	kompani anijesh	08219059-n
n	kompani njerëzish	08184861-n
n	kompensim	13282550-n
n	kompetencë	08401554-n
n	kompetent	09762509-n
n	kompjuter	03082979-n
n	kompjuter elektronik	03082979-n
n	kompleks	05870365-n
n	kompleks ndërtesash	02914991-n
n	komponent	03081021-n
n	kompozim	00939452-n
n	kompozim muzikor	07037465-n
n	kompozitor	09947232-n
n	kompozoj	00939452-n
n	kompresim	00356790-n
n	komshi	08225090-n
n	komune	08541609-n
n	komunikacion i shkruar	06349220-n
n	komunikator	09610660-n
n	komunikim	00033020-n
n	komunikim auditor	07109019-n
n	komunikim gojor	07109196-n
n	komunikim i folur	07109196-n
n	komunikim me zë	07109196-n
n	komunikim vizual	06873252-n
n	komunitet	08223802-n
n	komunë	08225581-n
n	komë	05680193-n
n	koncept	05835747-n
n	konceptim	07328942-n
n	koncert	06892775-n
n	koncetroj	01231980-n
n	konfederatë	08303275-n
n	konfiguracion	05731779-n
n	konflikt	00953559-n
n	konik	13872975-n
n	konjak	07903208-n
n	konkav	13864965-n
n	konkluzion	00162632-n
n	konkurrent	10533013-n
n	konkurrim	07456188-n
n	konkurrues	09613191-n
n	konstruksion	00911048-n
n	konstruktor	09878275-n
n	konsum	00838098-n
n	konsum ekonomik	13451804-n
n	konsumator	09612848-n
n	kontakt	00039297-n
n	kontekst	14512817-n
n	konteporan	08369406-n
n	kontigjent	00050037-n
n	kontratë qiraje	13248393-n
n	kontroll	00635850-n
n	kontroll dhe pagesë	00141806-n
n	kontrolli social	01123598-n
n	kontrolloj	00141806-n
n	kontrolloj me ngulm	00945401-n
n	kontrollor	10676877-n
n	konturë	05064037-n
n	konvekse	13864153-n
n	konvergjencë	07414740-n
n	konvikt	03541537-n
n	kope	08184217-n
n	kopesht	08615149-n
n	kopje	03104594-n
n	kopsht	03417345-n
n	kopsht me lule	00921399-n
n	kopshtari	00918383-n
n	kopsë	02928608-n
n	kordak	01466257-n
n	kore	09260218-n
n	korespondence	06264398-n
n	kornizë	03960783-n
n	korporatë qeveritare	09966255-n
n	korrektim	00258854-n
n	korrektues	03111899-n
n	korrent	11443532-n
n	korrent ajri	11525955-n
n	korrigjim	00045907-n
n	korrje	13085864-n
n	kosh	03964495-n
n	kosh fëmijësh	03964495-n
n	kosmos	09466280-n
n	kosto	13275847-n
n	kostum	04350905-n
n	kostum klasik	04350905-n
n	kozmetikë	03113152-n
n	kqyres	10271216-n
n	krah	02151625-n
n	kraharor	05552607-n
n	kraharori	05553486-n
n	krahasim	00142665-n
n	krahasues	00142665-n
n	krahinë	08630039-n
n	kredit	13378518-n
n	krehër	03074855-n
n	krem	03128519-n
n	kremtim	00428000-n
n	kreshmë	01069980-n
n	krijesë	00015388-n
n	krijesë anormale	10109443-n
n	krijesë imagjinare	09483738-n
n	krijim	00237078-n
n	krijim artistik	00933420-n
n	krijim imagjinar	00927261-n
n	krijim letrar
n	krijoj nga materiale të pa punuar
n	krijues
n	krijueshmëri
n	krim
n	krim i organizuar
n	krimb
n	kripë
n	kristali i syrit
n	kritike
n	krizë
n	kronike
n	kronometër
n	krye
n	kryeministër
n	kryengritje
n	kryepunëtor
n	kryerje
n	kryetar
n	kryetar bashkie
n	kryetare
n	kryq
n	kthej mbrapsht
n	kthese
n	kthesë
n	kthim
n	kthim mbrapa
n	kthim në shtëpi
n	kthjelltësi
n	kuadër
n	kualifikim njohurush
n	kub
n	kube
n	kudhër
n	kufi
n	kufi i sipërm
n	kufi verior
n	kufizim
n	kufomë
n	kujdes mjekësor
n	kujdes shëndetësor
n	kujdesem
n	kujtesë
n	kujtim
n	kujtoj
n	kukull
n	kulaç
n	kullë
n	kulm
n	kulm i dellit
n	kultivim
n	kulturë
n	kulturë prehistorike
n	kumar
n	kumbim
n	kunderpeshe
n	kundershtar
n	kundershtim
n	kundert
n	kundervenie
n	kundërmim
n	kundërpërgjigje
n	kundërshtar
n	kundërshtim
n	kuota
n	kupe qiellore
n	kupolë
n	kupolë qiellore
n	kuptim
n	kuptueshmeria
n	kurbë
n	kureshtje
n	kuriozitet
n	kurriz
n	kurrizor
n	kurs
n	kurs , drejtim
n	kurs studimesh
n	kursim
n	kurth
n	kurë
n	kusht
n	kushte higjenike
n	kushtet ekonomike
n	kushtet financiare
n	kushtetutë
n	kushëri
n	kushëri i pare
n	kusur
n	kuti
n	kuti konservash
n	kuti teneqe
n	kuti teneqeje
n	kuvend
n	kuzhinë
n	kyç
n	kyç i dorës
n	këllëf dhëmbi
n	këlysh
n	këmbim valutor
n	këmbë
n	këmbë pantallonash
n	këmbë shkalle
n	këmbët
n	këmishë
n	kënaqësi
n	kënaqësi njohje
n	kënd
n	këngë
n	këngëtar
n	këpucë
n	këpucë druri
n	këpuje
n	këqyrje
n	kërcej
n	kërcell
n	kërci
n	kërcim
n	kërcitje
n	kërkesë
n	kërkim
n	kërkim te dhenash
n	kërkoj
n	kërpudhë
n	kërpudhë sferike
n	kërthizë
n	këshill
n	këshillim
n	këshillë
n	kësmet
n	kësulë
n	lafshë
n	lafshë gjeli
n	lagje
n	lajm
n	lajm histori
n	lajme
n	lajmërim
n	lajthitje
n	lak
n	lakim
n	lakmi
n	lakuriq
n	lakuriqësi
n	lamtumirë
n	landrover
n	largim
n	largoj
n	larje
n	lartësi
n	lartësi e ngritjes
n	lartësim
n	lartësoj
n	larvë
n	legjislacion
n	legjislaturë
n	lehtëbesim ,ju besoj
n	lehtësim
n	leje
n	lek
n	lente
n	lepur
n	lesh angora
n	leter
n	letra
n	letra bixhozi
n	letër
n	letër ambalazh
n	letër bixhozi
n	letër mbështjellëse
n	levizje e kreshtes
n	lexim
n	lexim publik
n	lezetim
n	librari
n	libër
n	libër i llogarive
n	libër llogarish
n	libër me fakte
n	libër shënimesh
n	lidhje
n	lidhje bashkërenditëse
n	lidhje bashkëshortore
n	lidhje biznesi
n	lidhje dashurie
n	lidhje dashurore
n	lidhje e perkohshme
n	lidhje familjare
n	lidhje gjaku
n	lidhje gjuhësorë
n	lidhje gramatikore
n	lidhje kovalente
n	lidhje logjike
n	lidhje madhesie
n	lidhje politike
n	lidhje sasie
n	lidhës
n	ligj
n	ligj civil
n	ligj i organizuar
n	ligj i rëndësishëm
n	ligjet e natyrës
n	ligjshmëri
n	ligjvënës
n	ligjëratë
n	ligësi
n	liken
n	liker
n	liker i forte
n	liman
n	limit
n	lind
n	lindje
n	lindor
n	line
n	linjë
n	link
n	lipide
n	liqen
n	liquid
n	liri
n	lirim
n	liste
n	listimi
n	litar
n	liturgji
n	livadh
n	living substance
n	llafe
n	llambadar
n	llapë
n	llogari
n	llogari bankare
n	llogaris
n	lloj
n	lloj tendencë
n	llullë duhani
n	llum
n	load
n	lodroj
n	lodër
n	lojtar
n	lojtar kryesor
n	lojë
n	lojë atletike
n	lojë e lozur në lokale
n	lojë e marrë
n	lojë fushe
n	lojë futbolli
n	lojë jashtë shtëpie
n	lojë me letra
n	lojë me shah
n	lojë me tabelë
n	lojë pokeri
n	lokomotivë
n	lopatë varke
n	lot
n	luaj
n	luaj kumar
n	luaj rol
n	luajtes rolesh
n	lubrifikant
n	lubrifikues
n	luftanije
n	luftim
n	luftoj
n	luftë
n	luginë
n	luhatje
n	luks
n	lule
n	lulesë
n	lultari
n	lulëzoj
n	lum
n	lume
n	lumturi
n	lundër
n	lundër e sheshtë
n	luspë
n	lutje
n	lyerje
n	lëkundje
n	lëkundje valë
n	lëkurë
n	lëndim
n	lëndinë
n	lëndoj
n	lëndë
n	lëndë djegëse
n	lëndë e parë
n	lëndë plastike
n	lëndë ushqyese
n	lëng
n	lëvizem
n	lëvizje
n	lëvizje artistike
n	lëvizje mashtruese
n	lëvizje rrotulluese
n	lëvizje sociale
n	lëvizshmëri
n	lëvore
n	lëvozhgë
n	lëvozhgë vezë
n	madam
n	madhështi
n	madhështor
n	madhësi
n	magazinim
n	magazinoj
n	magazinë
n	magjstrate
n	magnet
n	maja
n	maja e rrugës se diellit
n	majë
n	makanizëm
n	makijazh
n	makine lufte
n	makine ushtarake
n	makineri
n	makinë
n	makinë kompjuteri
n	makinë prerëse
n	makinë ushtarake
n	makroksmos
n	mal
n	mall
n	mall i djegur
n	mall i gjelber
n	mallra
n	mallra sportivë
n	mallra ushqimore
n	mama
n	manaxhim
n	manaxhues
n	mandat
n	manekin
n	manifestim
n	manovrim
n	manovrim taktik
n	manovroj
n	manovër
n	manovër taktike
n	marezi
n	marifetë
n	marka
n	marketing
n	marr
n	marr përsipër
n	marr shenjë
n	marrje
n	marrje ne pyetje
n	marrëdhënie
n	marrëdhënie humane
n	marrëdhënie matematike
n	marrëdhënie miqësie
n	marrëdhënie sociale
n	marrëveshje
n	marrëzi
n	marshim
n	marshim muzikor
n	martesë
n	mas
n	masa mbrojtëse
n	mase
n	mashkull
n	mashtrim
n	maskim
n	maskoj
n	maskë
n	masë
n	mat me hapa
n	matematikë
n	material
n	material bimore
n	material i shkruar
n	material i subjektit
n	material mbushës
n	material ndërtimi
n	material ngjitës
n	material ngjyrues
n	material pambuku
n	material shkrimi
n	material shtazorë
n	material teksti
n	mathematikë
n	matje
n	matje katrore
n	matje lineare
n	maturi
n	maturim
n	matës të dhënash
n	mazgallë
n	mbaj kreshmë
n	mbajtje
n	mbajtje e trupit
n	mbajtës
n	mbarim
n	mbartje
n	mbeshtetes
n	mbetje
n	mbeturina
n	mbiemër
n	mbikqyrje
n	mbikëqyrës
n	mbishkrim
n	mbiujës
n	mbledh
n	mbledh taksa
n	mbledhje
n	mbledhje e përgjithshme
n	mbledhje legjslative
n	mbledhje votash
n	mbrapa
n	mbreteri
n	mbretëreshë
n	mbrojte
n	mbrojtje
n	mbrojtës
n	mbrëmje
n	mbulesë
n	mbulesë dyshemeje
n	mbulesë e hollë
n	mbuloj
n	mburojë
n	mbyllje
n	mbyllur
n	mbzotërim
n	mbërritje
n	mbërthej
n	mbëshjellës
n	mbështetje
n	mbështetëse
n	mbështjell
n	mbështjellës
n	mbështjellëse
n	megalomani
n	meit
n	mekanikë
n	mekanizëm
n	mekanizëm i thjeshtë
n	membranë
n	memorje
n	menaxher
n	mend
n	mendim
n	mendim i refuzuar
n	mendim krijues
n	mendim llogjik
n	mendje
n	mendjehollë
n	mendjemadhësi
n	mendjemprehtësi
n	mensë
n	mentalitet
n	menu
n	mençur
n	mençuri
n	merak
n	meritë
n	mes
n	mesatar
n	mesazh
n	mesazh i shkruar
n	mesditë
n	meshë
n	metal
n	metan
n	meteor
n	meteorit
n	meterie jotekstuale
n	metodologji
n	metodë
n	metrik
n	metropol
n	mi
n	mik
n	mikpritës
n	mikrobus kampimi
n	mikroorganizëm
n	min
n	minare
n	mineral
n	minierë
n	ministri
n	ministër
n	ministër i pare
n	minoren
n	minutë
n	miq
n	miqësi
n	miratim
n	mirëbesim
n	mirëkuptim
n	mirënjohje
n	mirësi
n	mish
n	mish lepur
n	mishngrënës
n	mishërim
n	mision
n	mister
n	mizëri
n	mjedis
n	mjegullnajë galaktike
n	mjek
n	mjekim
n	mjekues
n	mjekër
n	mjeshter
n	mjeshtër
n	mjeshtëri
n	mjet
n	mjet komunikimi
n	mjet lidhës
n	mjet mbrojtës
n	mjet ndriçimi
n	mjet optikë
n	mjet pastrues
n	mjet plasës
n	mjet prerës
n	mjet transporti me rrotë
n	mjet vetëlëvizëse
n	mjete jetese
n	mjete lufte
n	mjete programuese
n	mjete shtëpiake
n	mjete sportive
n	mjetet e golfit
n	mjetet e tualetit
n	mjetet gjimnastikore
n	mjështër
n	mobilje
n	mocion
n	model
n	modifikim
n	modë
n	mohim
n	mold
n	molekulë
n	mollë
n	moment
n	monedhë
n	monster
n	montim
n	monument
n	moral
n	moralitet
n	morfinë
n	mori
n	mos ekzistencës
n	mos frekuentim
n	mos paraqitje
n	mosbesim
n	mosbindje
n	moshatarë
n	moshë
n	moshë e artë
n	mosinteresim
n	moskokëçarje
n	mosmarrëveshje
n	mospranim
n	mospëlqim
n	mospërfillje
n	mosqënie
n	mossukses
n	mostër
n	mosveprim
n	motiv
n	motiv etik
n	motivim
n	motokarro plazhi
n	motokarro stacioni
n	motor
n	motor skuter
n	motoçikletë
n	motër
n	mould
n	mouth
n	moçal
n	mprehtësi
n	muaj
n	muaj hënor
n	muaj kalendarik
n	mulli
n	mundim
n	mundohem
n	mundësi
n	mundësi për te hyre ose përdorur
n	mungesë
n	mungesë saktësie
n	municion
n	municione
n	mur
n	murmurime
n	murmuritje
n	murë ndarës
n	muskul
n	muskul tkurrës
n	mutacion
n	muze
n	muzikant
n	muzikë
n	mysafir
n	mëkat
n	mëkat i vdekshëm
n	mëkat vdekjeprurës
n	mëkatoj
n	mëndafsh
n	mëngjes
n	mënyrë
n	mënyrë ekzekutim
n	mënyrë retorike
n	mënyrë sjellje
n	mënyrë te foluri
n	mënyrë të sjelluri
n	mëshire
n	mëshirim
n	mësim
n	mësoj
n	mësonjëtore
n	mësymje
n	mëz
n	nacion
n	nallane
n	nam
n	narkotik
n	nata
n	natyralizëm
n	natyrë
n	natyrë e heshtur
n	natyrë femërore
n	natë
n	naze
n	ndaj
n	ndalesë
n	ndalim
n	ndaloj
n	ndarje
n	ndarje administrative
n	ndarje në pjesë
n	ndarje në seksione
n	ndarje territoriale
n	ndarës
n	ndarëse
n	ndenjëse
n	nder
n	nderim
n	ndermarje komerciale
n	ndermjetes
n	ndershmëri
n	ndertues
n	ndeshje
n	ndihmat mësimore
n	ndihme
n	ndihme shtëpiake
n	ndihmesë
n	ndihmesë financiare
n	ndihmoj
n	ndihmë
n	ndihmë mjekësore
n	ndihmës
n	ndikim
n	ndjek
n	ndjekes
n	ndjekje
n	ndjenje shoqerore
n	ndjenjë
n	ndjeshmeri
n	ndjeshmëri
n	ndjesi
n	ndjesi dëgjimi
n	ndjesi shijimi
n	ndjesë
n	ndodhi
n	ndokush
n	ndotje
n	ndotës
n	ndreq
n	ndreqje
n	ndryshim
n	ndryshim gjendjeje
n	ndryshim gradual
n	ndryshim i madhësisë
n	ndryshim i zhdërvjelltë
n	ndryshim ngjarjeje
n	ndryshim qëndrimi
n	ndryshim total
n	ndryshim vendodhje
n	ndryshimi i tërësisë
n	ndryshëm
n	ndyj
n	ndërfutje
n	ndërhyrës
n	ndërlidhje
n	ndërmarje biznesi
n	ndërmarr
n	ndërmarrje
n	ndërmarrje biznesi
n	ndërmarrje e vogël
n	ndërmarrje tregtare
n	ndërmjetësi
n	ndërmjetësues
n	ndërprerje
n	ndërrim
n	ndërrim destinacioni
n	ndërrim qëndrimi
n	ndërrim vendesh
n	ndërtes klubi
n	ndërtesa e kishës
n	ndërtesë
n	ndërtesë periferike
n	ndërtesë publike
n	ndërtim
n	ndërtoj
n	ndëshkim
n	neglizhencë
n	negociant
n	negocim
n	nen figurë
n	nenkulture
n	neoplazëm
n	nervë
n	nevoje
n	nevojshmëri
n	nevojtore
n	nevrozë
n	nga pikëpamja kombëtare
n	ngarkesë
n	ngarkesë mallrash
n	ngarkim
n	ngas makinë
n	ngastër
n	ngatërresë
n	ngatërrim
n	ngjarje
n	ngjarje e përsëritur
n	ngjashmëri
n	ngjesh
n	ngjeshje
n	ngjis malin
n	ngjitje
n	ngjitës
n	ngjyre
n	ngjyrosje
n	ngjyrues
n	ngjyrë
n	ngjyrë bakri
n	ngre
n	ngre me forcë
n	ngritje
n	ngritje natyrore
n	ngritje në pozitë
n	ngritje page
n	ngritje rroge
n	ngritje çmimesh
n	ngrohtësi
n	ngrënie
n	ngurtë
n	ngurtësim
n	ngushticë
n	ngushticë ekonomike
n	ngushëllim
n	ngut
n	nikoqire
n	nis
n	nisje
n	nivel
n	nivel i shtypur
n	nivel social
n	nivel socialo-ekonomik
n	njehsoj
n	njehsueshëm
n	njeri
n	njeri i shkencës
n	njeri i shërbimit
n	njeri i ushtrisë
n	njeri me pozitë
n	njeri profesionist
n	njerëz
n	njerëzim
n	njerëzor
n	njesi gjuhe
n	njoftim
n	njohje
n	njohuri
n	njohuri bazë
n	njohuri e shkollës
n	njohuri shkencore
n	njohuri teknike
n	njohës i procesit
n	njolle
n	njollos
n	një gropë në tokë
n	një kalë mashkull
n	një marrëdhënie seksuale
n	një status shoqëror
n	një thundrak
n	njëri
n	njëri fetar
n	njëri i afërt
n	njëri i rëndësishëm
n	njërëz
n	njërëz me kolor
n	njërëz me ngjyre
n	njërëz popullor
n	njërëz te thjeshte
n	njësi
n	njësi ajrore
n	njësi detare
n	njësi e temperaturës
n	njësi katrore
n	njësi kohe
n	njësi lineare
n	njësi matëse
n	njësi metrike
n	njësi metrike e peshës
n	njësi organizative
n	njësi ushtarake
n	njësi ushtrie
n	njësia e kohës
n	njësia e peshës
n	nocion
n	nostalgji
n	notë
n	noçkë
n	nuancë
n	nuhas
n	nuhatje
n	numerik
n	numër
n	numër identifikim
n	numër njësh
n	numër telefoni
n	nxehtësi
n	nxitim
n	nxitim i rrëmujshëm
n	nxjerr nga puna
n	nxjerr përfundimin
n	nxënës
n	nxënës shkolle
n	nyell
n	nyje
n	nyjë
n	nyjë e këmbës
n	në rregull nga mëndtë
n	në të ardhmen
n	nënkuptim
n	nënndarje
n	nënshkrim
n	nënshtetas
n	nënshtrim
n	nënshtrohem
n	nënçati
n	objekt
n	objekt fizik
n	objekt mendor
n	objekt natyror
n	objektiv
n	obligim
n	oborr
n	ofendim
n	ofertë
n	oficer
n	oficer ligji
n	oficer paqeje
n	oficer policie
n	ofrim
n	ofroj
n	okazion
n	okazion zyrtar
n	oksid
n	ontogjenez
n	oorganizate
n	operacion
n	operacion finaciar
n	operacion ushtarak
n	operator
n	opinion
n	opinioni popullor
n	opinioni publik
n	opium
n	oponencë
n	oponent
n	opozicion
n	opozite
n	ora
n	orendi
n	orendi të fiksuara
n	organ
n	organ bimor
n	organ i tkurrur
n	organ jetësor
n	organ kryesor
n	organ me sekrecion të brendshëm
n	organ riprodhues
n	organ seksual
n	organet e brendshme
n	organizatë
n	organizatë biznesi
n	organizatë financiare
n	organizatë muzikore
n	organizim
n	organizim biznesi
n	organizim muzikor
n	organizëm
n	organizëm strehues
n	orientim
n	origin
n	origjina
n	origjinë
n	orkester
n	orkester kërcimi
n	orkestër
n	ortodoks
n	orvajtje
n	orvatem
n	orë
n	orë e verës
n	orë mësimore
n	oval
n	paaftësi paguese
n	paanesi
n	pabesi
n	padallueshmëri
n	padepërtueshmëri
n	pafuqi
n	pafuqishëm
n	pagesë
n	pagë
n	pagëzim
n	pajis
n	pajisje
n	pajisje e njehsueshme
n	pajisje elektrike
n	pajisje elektronike
n	pajisje mekanike
n	pajisje memorie ,kujtese
n	pajisje ngrohëse
n	pajisje sigurimi
n	pajtim
n	pajton
n	pajtues
n	paketoj
n	paketë
n	paketë programesh
n	pako
n	pako letrash
n	pakujdesi
n	pakënaqësi
n	pakësim
n	pakësim mishi
n	pala
n	pale
n	pallat
n	pallto
n	pambuk
n	pamja e jashtme
n	pamja fizike
n	pamjaftueshmëri
n	pamje
n	pamje e jashtme
n	pamje e një pikturë kinemaje
n	pamor
n	pamundësi
n	pandershmëri
n	panik
n	panjerëzi
n	pantallona
n	papafingo
n	papajtueshmëri
n	papjekuri
n	paprekshmëri
n	papërsosuri
n	paqartësi
n	paqe
n	para
n	para të thata
n	para të thata në dorë
n	paraardhës
n	parabolë
n	paracaktim
n	paracetamol
n	paradhënie
n	paradë
n	parafango
n	parajse
n	parakaloj
n	paraqitje
n	paraqitje fizike
n	paraqitje mendore
n	paraqitje piktoreske
n	parashikim
n	parashutizëm
n	paratrinë
n	parazit
n	parcel
n	park
n	park grumbullimi
n	park grumbullimi për qentë
n	parkim
n	parlament
n	parodi
n	parrezikshmëri
n	parti
n	partner
n	partneritet
n	pas
n	pasanik
n	pasardhës
n	pasardhës djalë
n	pasdite
n	pasiguri
n	pasim
n	pasion
n	pasivitet
n	pasngrenie
n	pasoje
n	pasojë
n	pasqyrim
n	pasqyrë
n	pastrim
n	pastrues
n	pastë
n	pastërti
n	pasues
n	pasuri
n	pasuri e transferueshme
n	pasuri të patundshme
n	patronazh
n	patronazhe
n	patrulla mbrojtëse
n	pauza
n	pavarësi
n	pavlefshëm
n	pazar
n	pazotësi
n	pe
n	pedagog
n	pellg
n	pellgaçe
n	pelush
n	peme familjare
n	pemë
n	pendant
n	pendim
n	pengese
n	pengesë
n	pengim
n	pengues
n	perbri
n	perceptim
n	perceptim gustoje
n	perceptim shijesh
n	perde
n	perfeksion
n	performance
n	performancë
n	perfundim
n	pergjegjes
n	pergjigje
n	pergjigje me shkrim
n	perime
n	perime me gjethe
n	period
n	periodike
n	periudhë
n	periudhë kohore e vitit
n	periudhë shërbimi në ushtri
n	perkrahes
n	perkrahje
n	persekutim
n	person
n	person femëror
n	person i pafat
n	person i ri
n	person jo i zakonshëm
n	person kompetent civil
n	person kreativ
n	person mashkull
n	person me influencë
n	person pa përvojë
n	personalitet
n	personazh
n	personazhe
n	personel
n	personel ushtarak
n	personifikim
n	personizim
n	perzjerje
n	perëndi
n	peshk
n	peshku shtizë
n	peshë
n	peticion
n	pezmatim
n	pezullim
n	pezullim nga puna
n	phylum
n	piano
n	pianoforte
n	piedestal
n	pigment
n	pije
n	pije alkoolike
n	pije dehëse
n	pije e forte
n	pije e rende
n	pijetore
n	pika vatrore
n	pike
n	pike e mesit
n	pike gjeografike
n	pike kufi
n	pike kufitare kryesore
n	pike qiellore
n	pike referimi
n	pike topografike
n	pikturë
n	pikturë kinemaje
n	pikveshtrim
n	pikë
n	pikë kohore
n	pikë ushtarake ,repart
n	pikëllim
n	pikënisje
n	pikëpamje
n	pileus
n	pingule
n	piper
n	piramida
n	pirg
n	pirg dheu
n	pistë fluturimi
n	pixel
n	pjatë
n	pjatëz
n	pjellje
n	pjerrësi
n	pjesa e barkut
n	pjese
n	pjese aksioni
n	pjese e fjalimit
n	pjese e jashtme
n	pjese e perparme
n	pjese krahinë
n	pjese letre
n	pjese toke
n	pjese veprimi
n	pjesë
n	pjesë bashkuese
n	pjesë bime
n	pjesë e punës
n	pjesë e trupit
n	pjesë loje
n	pjesë përbërëse
n	pjesë qëndrore
n	pjesëmarrje
n	pjesëmarrje ne dyluftim
n	pjesëmarrjes
n	pjesët e jashtme të trupit
n	pjesët fizike të kompjuterit
n	pjesëtar
n	pjesëtar fakulteti
n	pjesëtim
n	plagë
n	plak
n	plan
n	plane
n	planer
n	planet
n	plani i aktit
n	planifikim
n	plantacion
n	plasaritje
n	plasje
n	plaçentë
n	plaçka
n	plaçkë
n	pleqëri
n	pllakë
n	plotësim
n	plotësues
n	pluhur
n	pluhurzim
n	pluhurzoj
n	plumb
n	plumbë
n	plutonium
n	poem
n	poet
n	poker
n	pol verior
n	polarizim
n	polic
n	polici
n	politikan
n	politike
n	politikë
n	popullaritet
n	popullate
n	popullatë
n	popullim
n	popullor
n	popullsi
n	porcion
n	porosi
n	port
n	port detar
n	portret
n	portretizim
n	portë
n	posedim material
n	posedoj
n	posedues
n	poshtërim
n	poshtërsi
n	posicion
n	post
n	post roje
n	poste
n	potencial
n	potere
n	potpuri
n	pozicion
n	pozicion këndi
n	pozicionoj
n	pozitë
n	praktikues dentar
n	praktikë
n	prani
n	pranim
n	pranverë
n	prapa
n	prapanicë
n	prapësi
n	predhë drejtuese shkatërruese
n	preh
n	prehistori
n	prejardhes
n	prejardhje
n	prek
n	prekje
n	premtim
n	premtim i shenjtë
n	preokupim
n	preparat
n	prerje
n	prerje monedhash
n	president
n	presion moral
n	pretendent
n	prezantim
n	prezantim publik
n	priftëri
n	prijës
n	primat
n	principi jetësor
n	principi thelbësorë
n	prind
n	prind mashkull
n	prindi femer
n	prindër
n	prirje
n	prishje
n	prishur
n	pritje
n	pritë
n	problem shëndetësor
n	procedure
n	procedure ligjore
n	proces
n	proces biologjik
n	proces i njohjes minimale
n	proces i njohjes së lartë
n	proces i pavetëdijshëm
n	proces organik
n	proces psikik
n	prodhim
n	prodhim artistik
n	prodhime
n	prodhime baxho
n	prodhues
n	producent
n	produkt
n	produkte
n	produkti përfundimtar
n	produktiv
n	prof
n	profesion
n	profesionist
n	profesionist shëndeti
n	profesor
n	program
n	program kompjuterik
n	program librarie
n	progres
n	progresion
n	projektim
n	promotor
n	pronar
n	prone
n	pronë
n	pronësi
n	propozim
n	prostitucion
n	proteinë
n	protektori
n	protesoj
n	protestë ne punë
n	protistët
n	protoplazmë
n	protozoar
n	provim me goje
n	province
n	provë
n	proze
n	proze lajmërim
n	proçedim
n	proçedura kontroll-kërkimore
n	proçedurë
n	proçes
n	proçes gjeologjik
n	proçes i organizmit
n	proçes matematikor
n	proçes mendor
n	proçes natyror
n	proçesimi i të dhënave
n	psikologji
n	psikonevrozë
n	psikopat
n	psikozë
n	pubertet
n	publik
n	publikim
n	puls
n	pulsim
n	pune
n	pune arti
n	pune biznesi
n	pune letrare
n	pune sociale
n	punishte
n	punoj rëndshëm
n	punonjës
n	punë
n	punë e dobët
n	punë e përditshme
n	punë e rëndë
n	punë me grep
n	punëdhënës
n	punëtor
n	punëtor i trajnuar
n	pupla
n	pushim
n	pushkë
n	puth
n	puthje
n	pyetje
n	pyetës
n	pyje
n	pyll
n	pyllëzim
n	pëlhurë
n	pëlhurë e stampuar
n	pëlqim
n	përballe
n	përballje
n	përballë
n	përbindësh
n	përbërje
n	përbërës
n	përcjellës
n	përdor
n	përdorim
n	përdorim instrumentash
n	përdorimi i të mirave dhe materialeve
n	përdorues
n	përdorueshmëri
n	përdredh
n	përfaqësim
n	përfaqësues
n	përforcoj
n	përfundim
n	përgatitje
n	përgjegjës
n	përgjegjësi
n	përgjues
n	përgjërim
n	përgënjeshtrim
n	përhapje
n	përhumbur
n	përjashtim
n	përjashtohesh
n	përkeqësim
n	përkrahje sociale
n	përkujdesje
n	përkulje
n	përkund
n	përkushtim
n	përleshje
n	përmasë
n	përmbajtje
n	përmbledhje
n	përmbushës
n	përmbysje
n	përmbytje
n	përmendore
n	përmirësim
n	përmisim
n	përparim
n	përpiqem
n	përpjekje
n	përplasje
n	përpunim
n	përpunimi i të dhënave
n	përqendrim
n	përqeshje
n	përqëndrim
n	përrallë
n	përrua
n	përshkoj
n	përshkrim
n	përshkrim gojor
n	përshkrimi i objektit
n	përshtat
n	përshtatje
n	përshtypje
n	përshëndetje
n	përsëritje
n	përulem
n	përulje
n	përvetësim
n	përvetësim i mësimeve
n	përvojë
n	përzgjedh
n	përzierje
n	përzjerje organike
n	pëshpërimë
n	pëshpëritje
n	pështirë
n	qafa e këpucës
n	qafe mali
n	qark i brendeshem
n	qark i madh
n	qartësi
n	qejf
n	qelizë
n	qelizë riprodhuese
n	qelizë seksuale
n	qelq
n	qelqurina
n	qen
n	qen i vogël
n	qender
n	qender tregtare
n	qendrese
n	qendrim
n	qendër
n	qendër tregtare
n	qendërzim
n	qenie
n	qenie humane
n	qenie imagjinare
n	qenie njerëzore
n	qenie shpirterore
n	qenie supernatyrale
n	qenie supreme
n	qese
n	qetësim
n	qetësues
n	qeveri
n	qeverisje
n	qiell
n	qiellor
n	qilar
n	qilim
n	qingj
n	qortim
n	qoshe
n	qumësht
n	qytet
n	qytet-shtet
n	qytetar
n	qytetar i moshuar
n	qytezë
n	që shkon përpara
n	qëllim
n	qëlloj
n	qëlloj me armë
n	qëndismë
n	qëndrim
n	qëndrim grotesk
n	qëndrueshmëri
n	raca humane
n	race
n	racion
n	radha
n	radhë
n	radhë e gjuajtjeve
n	rafinim
n	raft
n	rajon administrative
n	raport
n	raport i shkruar
n	rast
n	rast gramatikor
n	rast social
n	rastësi
n	rastësi e pashmangshme
n	raund
n	re
n	reagim
n	reagoj
n	reaksion
n	reaksion nuklear
n	realitet
n	realizem
n	realizim
n	rebelim
n	reciprocitet
n	referencë
n	referencë libri
n	referencë pune
n	referim
n	reflektim
n	reflektor
n	reformoj
n	refuzim
n	refuzoj
n	regjisor
n	regjistrim
n	regjistroj
n	regjistër
n	rehati
n	reke
n	reklamim
n	reklamë
n	rekord
n	rekrutim
n	relacion
n	relacion libri
n	rend
n	rendiment
n	rendis
n	renditje
n	renie
n	repart ushtarake
n	republikë
n	reshje
n	reshje bore
n	resht
n	residence
n	respekt
n	restaurim
n	resto
n	restorant
n	revistë
n	revoltë
n	rezerva ushqimore
n	rezervat uji
n	rezervë
n	rezidencë
n	rezistencë
n	rezultat
n	rezultat përfundimtar
n	reçipeta
n	rice
n	riekzaminim
n	rifitim
n	rigjenerim
n	rikthim
n	ring boksi
n	rini
n	riorientim
n	riparim
n	riparoj
n	ripërtypës
n	rishikim
n	rit
n	rit fetar
n	ritegim
n	ritransmetim
n	ritual
n	ritual fetar
n	rival
n	rivendosje
n	rivihem
n	rob
n	robëri
n	roje
n	roje sigurimi
n	rojtar
n	rol
n	rol teatror
n	rrafshine
n	rregull
n	rregullim
n	rregulloj
n	rregullsi
n	rreng
n	rrengjethem
n	rrenim
n	rreptë
n	rresht
n	rreshtim
n	rreth
n	rreth i ngushte
n	rreth metalik
n	rrethana
n	rrethana te favorshme
n	rrethane
n	rrethim
n	rrezatim
n	rrezatim elektromagnetik
n	rrezatim fotokimik
n	rrezatim i dukshëm
n	rreze fotokimike
n	rrezik
n	rrezikim
n	rrihem me grushta
n	rrip
n	rrit
n	rritje
n	rritje e çmimeve
n	rritje rroge
n	rrjedh
n	rrjedha e veprimit
n	rrjedhje
n	rrjedhoje
n	rrjedhë
n	rrjetë e thurur
n	rroba
n	rrogë
n	rrogë e rregullt
n	rrokje
n	rrotullim
n	rrotulloj
n	rrotë
n	rrudhe
n	rruga e jetës
n	rruge
n	rruge dalje
n	rrugicë
n	rruginë
n	rruginë parku
n	rruginë private
n	rrugë
n	rrugë kalimtarësh
n	rrugë private në oborr
n	rrugëdalje
n	rryma
n	rrymë ere
n	rrëfenjë
n	rrëke
n	rrëmbej
n	rrëmujë
n	rrënim
n	rrënjë
n	rrëshqanor
n	rrëzim
n	rrëzë e hundës
n	ruajtje
n	rul
n	ruli i revoles
n	rulon
n	rutine
n	ryshfet
n	rëndomësi
n	rëndësi
n	rënie
n	rërë
n	s
n	sajim
n	salcë
n	sallatë
n	sallon
n	salloni i dhomës
n	salutim
n	sandale
n	sapun
n	sasi
n	sasi e pacaktuar
n	sasi e papërcaktuar
n	sasi e vogël
n	sasi parash
n	sasi relative
n	sea urchin
n	seancë
n	seancë praktike
n	sec
n	segment
n	segmentizim
n	sekondë
n	sekrecion
n	sekret
n	sekrtetare
n	seks
n	seksi
n	seksion
n	seksion konik
n	seksualizëm
n	sektor
n	sektor administrativ
n	seleksionim
n	seminar
n	send
n	send i mprehtë
n	sende
n	sendiment
n	sens
n	seri
n	seri ekologjiale
n	serrë
n	set
n	sezon
n	sezon akademik
n	sezon i skontove
n	sezon shkollor
n	sferë
n	sferë qiellore
n	sfidues
n	sforcim
n	shah
n	shaka
n	shamatë
n	shami
n	shami hundësh
n	shami koke
n	shans
n	shef
n	shekull
n	shembull
n	shembull tipik
n	shenje
n	shenjoj
n	shenjt
n	shenjtërim
n	shenjues
n	shenjë
n	shenjë emri
n	sheqer i pastër
n	sheqerkë
n	sherbyes
n	sherr
n	shesh ,përdhe
n	shesh lojërash
n	shesh pazari
n	shesh publik
n	shfaq
n	shfaqje
n	shfryrje
n	shfrytëzim
n	shfuqizim
n	shhishe
n	shi
n	shije
n	shikim
n	shikoj
n	shikoj drejt
n	shilte
n	shirit , fasho
n	shishe
n	shitje
n	shitjet
n	shkak
n	shkalle
n	shkallë
n	shkallë lëvizëse
n	shkallë sipërore
n	shkarkim
n	shkarkim elektrike
n	shkas
n	shkatërrim
n	shkelje
n	shkelje e ligjit
n	shkelmoj
n	shkenca e biologjisë
n	shkenca e kimisë
n	shkenca e psikologjisë
n	shkenca e zbatuar
n	shkenca inxhinierike
n	shkencë
n	shkencë biologjike
n	shkencë natyrore
n	shkencëtarë
n	shkoj me taksi
n	shkollar
n	shkolle
n	shkollim
n	shkollë
n	shkop
n	shkop golfi
n	shkrep
n	shkrim
n	shkrim dokumenti
n	shkrim dore
n	shkrimtar
n	shkrirje
n	shkronja alfabeti
n	shkronje
n	shkuar
n	shkurre
n	shkëlqim
n	shkëmbim
n	shkëputje
n	shmangie
n	shmangie nga standarti
n	shndërrim
n	shok
n	shok i ngushte
n	shoke
n	shoqatë
n	shoqëri
n	shoqërim
n	shoqërues
n	short
n	shpat
n	shpatull
n	shpejtoj
n	shpejtë
n	shpejtësi
n	shpend femër
n	shperrthim
n	shpikje
n	shpinë
n	shpirt
n	shpirt njëri
n	shpirt pa trup
n	shpjegim
n	shport
n	shportë
n	shpreh
n	shprehi
n	shprehje
n	shprehje e fytyrës
n	shprehje idiomatike
n	shprese
n	shputë
n	shputë këmbe
n	shpërblim
n	shpërdorim
n	shpërfillje
n	shpërndaj
n	shpërndarje
n	shpërngulje
n	shpërthej
n	shpërthim
n	shpëtim
n	shqetësim
n	shqiptim
n	shqyrtim
n	shrytëzoj
n	shtatzënësi
n	shtazë
n	shteg
n	shtegtim
n	shtepi
n	shtesa e mesme
n	shtesë
n	shtet
n	shtetas
n	shtim i burimit të të ardhurave
n	shtirje
n	shtizë
n	shtjellim
n	shtohem
n	shtoj
n	shtojcë
n	shtrat
n	shtrembërim
n	shtresë
n	shtresë trupi
n	shtrirje
n	shtrydhje
n	shtyj
n	shtyllë
n	shtyp
n	shtypi i përditshëm
n	shtypje
n	shtyrje
n	shtytje
n	shtytës
n	shtëpi
n	shtëpi banimi
n	shtëpia e zotit
n	shtëpiak
n	shtëpizë
n	shtëpizë gjuetie
n	shtëpizë indianësh
n	shuarje
n	shufër
n	shuma
n	shume e papërcaktuar
n	shumicë
n	shumë
n	shumë e vogël
n	shumë parash
n	shumë takse
n	shumë totale
n	shumëfaqësh
n	shumëllojshmëri
n	shushatje
n	shushurima
n	shëmti
n	shëndet mendor
n	shëndetligë
n	shënim
n	shënoj
n	shënues kartë
n	shërbesë
n	shërbesë fetare
n	shërbesë në kishë
n	shërbesë rituale
n	shërbim
n	shërbim i armatosur
n	shërbim korespondence
n	shërbim poste
n	shërbim ushtarak
n	shërbimi ushtarak
n	shërbyes
n	shëtitje
n	siguri
n	sigurim
n	siguroj
n	sillem
n	silur
n	simbol
n	simbol grafik
n	simbol i shtypur
n	simbol shkrimi
n	simetri
n	simetrik
n	simite
n	simpati
n	simptoma
n	sindikatë
n	sinjal
n	sinjalizim
n	sipërfaqe
n	sipërfaqe e forte
n	sipërfaqe e populluar
n	sipërfaqe e tokës
n	sipërfaqe gjeografike
n	sipërfaqe konkave
n	sipërfaqe në nivel
n	sipërfaqe strehimi
n	sipërfaqe urbanistike
n	sipërfaqe vertikale
n	sipërmarrje
n	sipërmarrje të vështira
n	sipërmarrës
n	sistem
n	sistem ekonomik
n	sistem i matjes
n	sistem i njehsueshëm
n	sistem i referimit
n	sistem komunikimi
n	sistem koordinativë
n	sistem ligjesh
n	sistem monetar
n	sistem ngrohje
n	sistem politike
n	sistem programimi
n	sistem ujitës
n	sistemi i përpunimit të informacionit
n	sistemi i rregullave
n	sistemi i skeletit
n	sistemi nervor
n	sistemoj
n	situatë
n	sjell vërdallë
n	sjellje
n	sjellje e keqe
n	skaj
n	skedar
n	skelet
n	skelë
n	skemë
n	skene
n	skeptik
n	skermë
n	skicim
n	skllavëri
n	skuadër
n	skuqje
n	skëterrë
n	slot
n	soj
n	specie
n	speed
n	spitullaq
n	spiun
n	sport
n	sprovë
n	sprovë e rrezikshme
n	squfur
n	srtukturë nervore
n	stacion
n	stacion makinash
n	stadium
n	staf
n	stallë
n	stampim
n	standartizim
n	stemë
n	stendë
n	stil
n	stil letrar
n	stil shprehesh
n	stil te shkruari
n	stimuloj
n	stimulues
n	stimulues negativ
n	stinë
n	stivë
n	stok
n	stoli
n	stolisje
n	stop
n	stop number
n	strategji
n	strehe
n	strehim
n	strehë
n	strehë e palosshme
n	string
n	strofkë
n	strofull
n	struktura e skeletit
n	strukture
n	strukture frazë
n	strukturë
n	strukturë anatomie
n	strukturë bimore
n	strukturë e formuar tubi
n	strukturë fizike
n	strukturë fiziologjike
n	strukturë mbajtëse
n	strukturë organike
n	strukturë riprodhuese
n	strukturë trupore
n	student
n	studim
n	studiues
n	stuhi
n	stuko
n	stërgjysh
n	stërvitem
n	subjekt
n	substancat e trupit
n	substance
n	substance helmuese
n	substancë
n	substancë e lëngshme e trupit
n	substancë lubrifikuese
n	sugar
n	sukses
n	sukses i papritur
n	sulfur
n	sulm
n	sulm i furishëm
n	sulm i vrullshëm
n	sulmim
n	sulmoj
n	sulmues
n	sundim
n	sundimtar
n	supe
n	superior
n	superstar
n	suporter
n	supozim
n	supozoj
n	surprizë
n	synim
n	system
n	sëmundje
n	sëmundje bimësh
n	sëmundje mendore
n	sënduk
n	tabak
n	tabelë
n	tabelë oraresh
n	tabllo
n	tablo
n	tablo peneli
n	takim
n	takim kulminant
n	takim social
n	taks
n	taksi
n	takëm
n	takëmet e ngrënies
n	tallem
n	tank
n	tapet
n	tapë
n	tarifë
n	tatim
n	tatpjete
n	tavolinë
n	te ardhur
n	te dhëna
n	te njohur
n	te paret
n	te qenit
n	te reja
n	te urosh shëndet
n	te ushqyerit
n	teater
n	teatër
n	tejkalim shpejtësie
n	teknikë
n	teknologji
n	tekst
n	telash
n	telefon
n	telegraf
n	telegram
n	temperaturë
n	tempull
n	temë
n	tendencë
n	tendosje fizike
n	tendë
n	tendë indianësh
n	teneqe
n	tentativë
n	teori
n	teori politike
n	tepricë
n	teren
n	territor
n	terror
n	tesha
n	test
n	test gojor
n	testim gojor
n	testoj
n	tharm
n	thashetheme
n	thatësirë
n	thelb
n	thellësi
n	themel
n	themelim
n	themeloj
n	themelor
n	thenie
n	thikë
n	thirrje
n	thundrak
n	thurje
n	thyej
n	thyerje
n	thyerje zemre
n	tingull
n	tingëllim
n	tingëllimë
n	tip
n	tip gjaku
n	tipar
n	tipar i fytyrës
n	titull
n	titull peshkopi
n	titull respekti
n	titullar
n	tog
n	toka
n	toke
n	toke e bashkisë
n	toke e forte
n	toke e ngurte
n	toke e premtuar
n	toke me ujë
n	toke moçalore
n	tokë
n	tokëz
n	tonalitet
n	top
n	torfë
n	tornim
n	total
n	totali
n	tradhti
n	trafik
n	tragë
n	trajektore
n	trajtim
n	trajtë
n	traktor
n	tramvaj
n	transferim
n	transformim
n	transmetim
n	transmetim kanali
n	transport
n	transport mallrash me ngarkesë
n	transport publik
n	transportim
n	transportoj
n	tranzicion
n	trap
n	trashëgim
n	trazim
n	trazirë
n	tre mujor
n	treg
n	treg shitjesh
n	tregim
n	tregim jete
n	tregti
n	trembje
n	tren postar
n	tretësirë
n	trgues të dhënash
n	tribu
n	trillim
n	trishtim
n	trishtim i thellë
n	triumf
n	tronditje
n	tru
n	truall
n	trullosje
n	trung
n	trung familjar
n	trup
n	trup hyjnor
n	trup i lëngshëm
n	trup i ngurte
n	trup njeriu
n	trup qiellor
n	trup uji
n	trupat mbrojtës të ushtrisë
n	trupi administrativ
n	trupi drejtues
n	truri
n	trust
n	tryezë e shtruar
n	tryezë loje
n	tryezë shkrimi
n	trysni
n	trëndafil
n	tualet
n	tub
n	tubacion
n	tufë
n	tumor
n	tundje
n	tundje e kokës
n	turi
n	turme
n	turmë
n	turn
n	turp
n	turpërim
n	turpëroj
n	tutelë
n	tyl
n	të akuzosh
n	të ardhura
n	të ardhura financiare
n	të hysh në veprim
n	të korra
n	të ndenjurat
n	tëmth
n	tërbim
n	tërheq
n	tërheqje
n	tërheqje fizike
n	tërësi
n	u vë fre
n	udhë
n	udhëheq
n	udhëheqje
n	udhëheqës
n	udhëtar
n	udhëtim
n	udhëtoj
n	udhëtoj me makinë
n	udhëzim
n	udhëzues
n	ujdi
n	ujë
n	ujëra
n	ulje
n	unifikim
n	uniformë
n	uniformë,veshje
n	union
n	univers
n	universit
n	urdhër
n	urdhërese
n	urdhëroj
n	uri
n	urim
n	urrejtje
n	urtësi
n	urë
n	ushqim
n	ushqim i thatë
n	ushqim me drithëra
n	ushqime
n	ushqimor
n	ushtar
n	ushtarak
n	ushtri
n	ushtrim
n	ushtrohem
n	ushtë
n	ustallëk
n	uzinë
n	vagon
n	vagon tramvaji
n	vagon treni
n	vaj
n	vajguri
n	vajze
n	vakt
n	vakum
n	valencë
n	valë
n	valë elektromagnetike
n	varfëri
n	varfërim
n	varg
n	varg fjalesh
n	varg gjuhësor
n	varg malor
n	varg me fjale
n	varg shkallaresh
n	vargonj
n	variacion
n	variant
n	variete
n	varkë
n	varr
n	varreza
n	varësi
n	vaskë
n	vathë
n	vatër
n	vatërzoj
n	vazhdim
n	vazhdueshmëri
n	vazhdë
n	vc
n	vdekje
n	vdekshmëria
n	vegel ligjore
n	vegla , mjete
n	vegla me perkuion
n	vegël
n	vegël muzikore
n	vegël prerëse
n	velë
n	vemje
n	vena
n	venat e gjakut
n	vend
n	vend fundor
n	vend gjeografik
n	vend i fshehtë
n	vend i lirë
n	vend i mbuluar , i fshehtë
n	vend i rrafshët , në nivel
n	vend i rrethuar
n	vend i thatë
n	vend imagjinar
n	vend mitik
n	vend pune
n	vend pushimi
n	vendas
n	vendbanim
n	vendi i punës
n	vendim
n	vendim gjyqësorë
n	vendimares
n	vendlindje
n	vendodhje
n	vendos
n	vendosje
n	vendosmëri
n	vendqendrim
n	vendtakim
n	venitet
n	ventilator
n	venë
n	veper muzikore
n	veprim
n	veprim i keq
n	veprim i mundshëm
n	veprim i pandershëm
n	veprim i pasjellshëm
n	veprim natyror
n	veprim njerëzor
n	veprime
n	veprime matematikor
n	veprimtari
n	veprimtari ekonomike
n	veprimtari krijuese
n	veprimtari tregtare
n	veproj
n	veproj me harbutëri
n	vepër
n	verandë
n	vere
n	veri
n	version
n	vertebror
n	verë
n	ves
n	vesh
n	veshje
n	veshje e sipërme
n	veshje murgu
n	veshje pambuku
n	veshje të brendshme
n	veshje uniformë
n	veturë
n	vetëbesim
n	vezë
n	vezë femërore
n	veçori psikologjike
n	vije
n	vije e drejte
n	vije kufiri
n	vije kufitare
n	vije lufte
n	vije malore
n	vije uji
n	vijë vertikale
n	violencë
n	virtyt
n	visar
n	vit
n	vit kalendarik
n	vite
n	vizatim
n	vizion
n	vizitor
n	vizitë
n	vjedh
n	vjedhje
n	vjershë
n	vjeshtë
n	vlefshmëri
n	vlera
n	vlere
n	vleresim
n	vlerë
n	vlerë monetare
n	vlerësim
n	vlerësues
n	vogëlushë
n	voice
n	vokalice
n	vokalizëm
n	vonesë
n	votim
n	votë
n	vozitje
n	vrap
n	vrapim
n	vrapim kuajsh
n	vrapues
n	vras
n	vrasje
n	vrazhdësi
n	vrimë
n	vrimë gjilpëre
n	vrojtues
n	vrull
n	vuajtje
n	vullnet
n	vulë
n	vyrtuos
n	vë në lëvizje
n	vëllazëri
n	vëllim
n	vëmendje
n	vënie në lojë
n	vërshim
n	vërsulem
n	vërtetësi
n	vështirësi
n	vështroj
n	vëzhgim
n	vëzhgues
n	waste
n	waste material
n	waste matter
n	waste product
n	wc
n	wc tualet
n	word
n	xhaketë
n	xhaxha
n	xhentilesë
n	xhep
n	xhiro me makinë
n	xhungë
n	xhungël
n	ylber
n	yll
n	yndyrë
n	zakon
n	zanaci
n	zanafille
n	zanafillë
n	zanat
n	zar
n	zarf
n	zarzavate
n	zbatim
n	zbatonjës
n	zbavitje
n	zbrazëti
n	zbres
n	zbritje
n	zbukurim
n	zbulim
n	zbutës,lehtësues
n	zejtar
n	zemërata
n	zemërlig
n	zemërmirësi
n	zgavra e trupit
n	zgavër
n	zgavër tubolare
n	zgjatim
n	zgjatje
n	zgjedh
n	zgjedhje
n	zhduk
n	zhduket
n	zhdëmtim
n	zhubrosje
n	zhubër
n	zhurmë
n	zhurmë daulle
n	zhurrme
n	zhvendosje
n	zhvillim
n	zile
n	zili
n	zinxhir
n	zjarr
n	zmbrapsje
n	zmprapse
n	zogj
n	zonjushe
n	zonjushe e re
n	zonjë
n	zonë
n	zonë atletike
n	zonë gjeografike
n	zonë parkimi
n	zonë pyjore
n	zot
n	zoterues
n	zotni
n	zotëri
n	zotërim
n	zotëroj
n	zotërues
n	zotësi
n	zvarranik
n	zvogëlim
n	zymbyle
n	zyrtar
n	zyrë
n	zyrë biznesi
n	zyrë e çështjeve gjyqësore
n	zë
n	zë i folur
n	zëmër
n	zënie
n	zënkë
n	zëri popullit
n	ç'nderoj
n	çaj
n	çakmak
n	çamarrokësi
n	çantë
n	çarje
n	çast
n	çast vendimtar
n	çati
n	çehre
n	çelik
n	çelës
n	çerdhe
n	çerek
n	çibuk
n	çiflig
n	çift
n	çifut
n	çilimillëk
n	çizme
n	çlirim
n	çlodhje
n	çmim
n	çoj
n	çoroditje
n	çrregullim
n	çudi
n	çun
n	çunak
n	çështje
n	çështje e kësaj bote
n	çështje e kësaj toke
n	çështje të dhënash
n	ëmbëlsi
n	ëmbëlsim
n	ëmbëlsirë
n	ëmbëlsues
n	ëmbëltorë
n	ëndërr
v	Lëndim
v	abstenoj
v	acarim
v	acaroj
v	administroj
v	admiroj
v	adresohem
v	adresoj
v	afekt
v	afrim
v	afrohem
v	afrohet
v	aftësi mendore
v	aftësi për të shkruar
v	agon
v	ajo që duhet bërë
v	akord
v	akordoj
v	aksident
v	akt
v	aktivizoj
v	akumuloj
v	alarm
v	alarmoj
v	ambalazh
v	amortizoj
v	analizoj
v	angazhohem
v	angazhoj
v	angullim
v	angullimë
v	anim
v	ankorim
v	anulloj
v	anë
v	anë,
v	anëtar i ri
v	ardhje
v	argëtoj
v	armë
v	arnoj
v	arnë
v	arrakat
v	arrati
v	arratisem me vrull
v	arrij
v	arrij sukses
v	arritje
v	arsimoj
v	arsyeja e perceptimit
v	arsyeje
v	arsyetim
v	arsyetoj
v	artikuloj
v	asfiksoj
v	asgjesoj
v	asgjesësoj
v	asgjësoj
v	asnjanësi
v	atribuoj
v	automobil
v	autorizoj
v	autostop
v	avancim
v	avancoj
v	avullim
v	avulloj
v	banesë
v	bang
v	banoj
v	banore
v	baraspeshoj
v	barazoj
v	barrë
v	bart
v	bashkangjit
v	bashkim
v	bashkohem
v	bashkohen
v	bashkoj
v	bashkon
v	bashkëveproj
v	bast
v	be intimate
v	bed
v	bej zap
v	belbëzoj
v	besim
v	besoj
v	betejë
v	betim
v	betohem
v	bezdis
v	bie
v	bie barkas
v	bie dakort
v	bie me rrëmbim
v	bie në mendime
v	bie përmes
v	bie shi
v	bie shi me vërtik
v	bilanc
v	bind
v	bind me diskutime
v	bindem
v	biroj
v	birësoj
v	bisedoj
v	biçikletë
v	blej
v	blerje
v	bluaj në mend
v	bluarje
v	bojë
v	bonk
v	bori
v	boshatis
v	braktis
v	bravë
v	brazdë
v	bredh
v	bredharak
v	bredhje
v	brejtje
v	brengë
v	britmë
v	broçkulla
v	burgos
v	burim i pashtershme
v	buçitje
v	bymehet
v	bëhem
v	bëhem fakt
v	bëhem gati
v	bëhem i brishtë
v	bëhem i pandjeshëm
v	bëhem shok
v	bëhem si
v	bëhet publik
v	bëj
v	bëj ballë
v	bëj bip
v	bëj dallim
v	bëj diferencim
v	bëj gabim
v	bëj gjeste
v	bëj gërmime
v	bëj i paaftë
v	bëj kaps
v	bëj kopje
v	bëj llogari
v	bëj me forcë
v	bëj ndryshim
v	bëj pirg
v	bëj prova
v	bëj për vete
v	bëj realitet
v	bëj rregullim të imët
v	bëj rrëmujë
v	bëj shaka
v	bëj shenjë
v	bëj shkrumb
v	bëj shterp
v	bëj sikur
v	bëj të
v	bëj viktima
v	bën ngricë
v	bërbëlitje
v	bërtas
v	bërthamë
v	caktoj
v	caktoj shumën
v	cek
v	cek me pëllëmbë
v	cekje
v	cenoj
v	cep
v	ci pa u ndier
v	cicërimë
v	cifël
v	cilësi karakteristike
v	cilësoj
v	copëtim
v	copëtim gurrësh
v	copëzoj
v	create by mental act
v	create mentally
v	cënim
v	dal
v	dal në pah
v	dalje
v	dalloj
v	datë
v	daulle
v	debat
v	dedikoj
v	deformoj
v	degjenerohem
v	degradim
v	degradoj
v	degë
v	deh
v	deklamoj
v	deklaroj
v	del
v	deleguar
v	demaskim
v	demaskoj
v	demoralizoj
v	demostrim
v	demostroj
v	depozit
v	depozitim
v	depozitoj
v	depozitë
v	depërtoj
v	derdh
v	derdh parat
v	derdhet
v	derdhje
v	detyrim
v	detyroj
v	detyrë
v	dhembje
v	dhimbje
v	dhunoj
v	dhuratë
v	dhurim
v	dhuroj
v	dhuron
v	dhënie
v	di
v	digjem
v	digjet
v	diktoj
v	diskutoj
v	disponoj
v	dizinfektoj
v	djeg
v	djegie
v	do it
v	do të thotë
v	dobësi
v	dobësim
v	dobësohem
v	dobësoj
v	dobësoj rezistencën
v	dolli
v	dorëz
v	dorëzohem
v	dorëzoj
v	dredh
v	dredhje
v	drejtim
v	drejtohem
v	drejtoj
v	drejton
v	dremitje
v	dridhje
v	dridhje zëri
v	dridhmë
v	drithmë
v	dritë
v	dua
v	dua shumë
v	duke e parë si
v	dukem
v	duket
v	duroj
v	dyshe
v	dëboj
v	dëfrej
v	dëgjoj
v	dëm
v	dëmshpërblej
v	dëmtim
v	dëmtoj
v	dënoj
v	dërdëllis
v	dërdëllit
v	dërdëllitje
v	dërgim
v	dërgoj
v	dërgoj për
v	dëshiroj
v	dëshirë
v	dëshirë e ethshme
v	dëshirë e forte
v	dëshirë e madhe
v	dëshmoj
v	dështim
v	dështoj
v	e drejtë e votës
v	e gabuar
v	e gdhendur
v	e lagët
v	e le për me vonë
v	e majme
v	e mbaj larg,e le të pres
v	e pranueshme
v	e prere
v	e prerë
v	e përpjetë
v	e qartë
v	e qarë
v	e rënë borie
v	e shëndosh
v	eci
v	eci këmbadoras
v	eci me shpejtësi
v	eci me vrull
v	eci më tej
v	eci ngadalë
v	eci përpara
v	ecje
v	ecje e shpejtë
v	ecje në këmbë
v	ecje çalë çalë
v	edukoj
v	efekt
v	eff
v	eksperiment
v	ekspozoj
v	ekuilibër
v	ekzaminoj
v	ekzekutoj
v	ekzekutoj me varje
v	ekzistoj
v	elegant
v	eliminoj
v	emërtim
v	emërtoj
v	endem
v	endje
v	energjik
v	enjtet
v	enjtje
v	erozion
v	errësoj
v	erë
v	erë e keqe
v	eskursion
v	etiketoj
v	etiketë
v	evidentoj
v	evoloj
v	fabrikim
v	fal
v	falenderoj
v	falsifikim
v	falsifikoj
v	faqe
v	farkëtoj
v	fasadë
v	fashë
v	faturë
v	favorizoj
v	faza e pjekjes
v	fekondoj
v	fermentoj
v	festim
v	festë
v	fik
v	fiksoj
v	fillestar
v	fillim
v	filloj
v	filmoj
v	filtrues
v	fishkem
v	fishket
v	fishkëllim
v	fitim
v	fitoj
v	fitore
v	fjalosem
v	fjongo
v	flak
v	flakje
v	flas
v	flas mbyturazi
v	flas në lidhje me
v	flas në tym
v	flas poshtë e lart
v	flas rreth
v	fle
v	fluturim
v	fluturoj me avion
v	fokusohem
v	forcoj
v	forcë
v	formoj
v	formoj nocion
v	formë
v	fortifikoj
v	foto e çastit
v	fotografoj
v	fragmentim
v	fragmentoj
v	frenoj
v	frenoj,e mbaj brenda të fshehtën
v	frikësoj
v	fryhem
v	fryj
v	frymëmarrje
v	frymëzim
v	frymëzoj
v	fryrje
v	fsheh
v	fshi
v	fshij
v	ftohem
v	ftoj
v	ftoj brenda
v	fton
v	fuck
v	fund
v	fundos
v	fundosem
v	fundosje
v	funksion
v	funksionoj
v	fuqi
v	fuqizoj
v	furnizim
v	furnizoj
v	fus
v	fushëgropë
v	fut
v	futem
v	futem në rroba
v	futje
v	fyej
v	fëlliq
v	fërkim
v	fërshëllim
v	fëshfërij
v	gabim
v	gaboj
v	garanci
v	garantoj
v	gatuaj
v	gdhend
v	get it on
v	get laid
v	gisht
v	gisht i madh
v	gjah
v	gjakësi
v	gjallërohem
v	gjallëroj
v	gjarpërim
v	gjej
v	gjej me mend
v	gjej përgjigjen
v	gjendem
v	gjendem poshtë
v	gjendje
v	gjepura
v	gjest
v	gjetje
v	gjuaj
v	gjuajtje
v	gjumë
v	gjurmim
v	gjurmë
v	gjykoj
v	gjë e blerë
v	gjëmim
v	gllënjka
v	godit
v	goditje
v	goditje e fortë
v	gogësimë
v	gostit
v	gozhdë
v	grabit
v	gradoj
v	grij
v	grim
v	grimcoj
v	grindem
v	grindëm
v	grisje
v	grumbullohen
v	grumbulloj
v	grupoj
v	guak
v	gudulisje
v	gulçim
v	gumëzhimë
v	gurgullimë
v	gurgulloj
v	gurgullon
v	guxim
v	guxoj
v	gëlltit
v	gëlltitje
v	gëlon
v	gënjej
v	gërmoj
v	gërricje
v	gërrisje
v	gërshetim
v	gërvin
v	gërvishje
v	gërvisht
v	gërvishtje
v	gëzim
v	gëzohem
v	gëzoj
v	gëzon
v	ha
v	habi
v	hambar
v	hamendësoj
v	hap
v	hap e mbyll sytë
v	hapem
v	hapje
v	hapërdaj
v	hare
v	harmonist
v	harmonizoj
v	harroj
v	hartoj
v	harxhoj
v	have a go at it
v	have intercourse
v	have it away
v	have it off
v	have sex
v	hedh
v	hedh poshtë
v	hedh poshtë me goditje
v	hedhje
v	hedhurinë
v	heq
v	heq dore
v	heq dorë
v	heq dorë nga
v	heq mënjanë
v	heq nga kali
v	heq nga qarkullimi
v	heq plehrat
v	heq qafe
v	hetoj
v	hibrid
v	hibridizim
v	hidhem
v	hidhem brenda
v	hingëllimë
v	hipi
v	hipotezë
v	holloj
v	hov
v	huadhënie
v	humbas
v	humbas energji
v	humbje
v	hump
v	hutoj
v	hyrje
v	i acartë
v	i barabarte
v	i bërë mirë
v	i dallgëzuar
v	i dredhur
v	i fiksuar mirë
v	i freskët
v	i gatshëm
v	i heq të drejtë
v	i hollë
v	i jap energji
v	i jap fund
v	i jap më shpejt
v	i jap shtysë
v	i jap trajtë
v	i jap të përzier
v	i keqësuar
v	i kushtoj vëmendje
v	i lejoj vetes
v	i lirë
v	i lë në mirëbesim
v	i lëmuar
v	i lëshuar
v	i marr me forcë
v	i mbyllur
v	i ngarkuar
v	i nxjerr zorrët
v	i pastër
v	i plas shpirtin
v	i pres kokën
v	i përkas dikujt
v	i përshtatshëm
v	i rraskapitur
v	i saktë
v	i sheshtë
v	i shkoj pas qejfit
v	i skalitur
v	i takon
v	i tejdukshëm
v	i tensionuar
v	i thatë
v	i topitur
v	i valëzuar
v	i zgjuar ( nga gjumi)
v	i zënë
v	i zënë me punë
v	ia bë zakon
v	ia dal
v	ia dal mbanë
v	ia dalë mbanë
v	ia dorëzoj
v	ia hedh
v	ia kaloj
v	ia ngul sytë
v	ia nënshtroj rregullave
v	ia sjell në majë të hundës
v	identifikoj
v	iki
v	iki fshehurazi
v	iki me vrap
v	iki vjedhurazi
v	ikje
v	ikën
v	ilustroj
v	imagjinoj
v	imitoj
v	improvizoj
v	inat
v	inatos
v	inatosem
v	influencë
v	informoj
v	injoroj
v	inkurajoj
v	insistoj
v	instaloj
v	instruktoj
v	interesim
v	interesohem
v	interpretoj
v	interpreton
v	investigoj
v	investoj
v	irritim
v	irritohem
v	irritoj
v	jam
v	jam i etur
v	jam i mendimit
v	jam ne gjendje
v	jam në borxh
v	jap
v	jap falenderime
v	jap formë
v	jap hua
v	jap me qira
v	jap mësim
v	jap rryshfet
v	jap sinjal
v	jap urdhër
v	jashtëshkruaj
v	jazz
v	jehon
v	jep
v	jetoj
v	jetoj sipas parimeve
v	joshje
v	justifikoj
v	ka të bëj
v	kacafytje
v	kacavirrem
v	kafshim
v	kafshoj
v	kalim
v	kalkuloj
v	kallëp
v	kallëzoj
v	kaloj
v	kaloj nëpër
v	kaloj përmes
v	kalon
v	kam
v	kam idenë se
v	kam mall
v	kam ndër mend
v	kam në mendje
v	kam para sysh
v	kampion
v	kanakar
v	kanal
v	kanaçe
v	kanoset
v	kap
v	kapardisje
v	kapem
v	kapem pas
v	kapis
v	kapitulloj
v	kapje
v	kapsit sytë
v	kapërcim
v	karakteristike
v	karakterizoj
v	kasaphanë
v	kasolle
v	kategorizoj
v	katranosje
v	kaçurrel
v	keqardhje
v	keqinformoj
v	keqinterpretoj
v	keqësim
v	keqësohem
v	keqësoj
v	klasifikoj
v	klikosje
v	know
v	kodoj
v	kohë
v	kokosh
v	komandim
v	kombinoj
v	kompakt
v	kompesim
v	kompesoj
v	kompletoj
v	kompozoj
v	komunikim
v	komunikoj
v	koncentroj
v	konceptoj
v	konceptual
v	konfirmoj
v	konfuz
v	konkludoj
v	konkretizoj
v	konkurroj
v	konservoj
v	konsfikim
v	konsideroj
v	konspektoj
v	konstatoj
v	konsultoj
v	konsumoj
v	kontakt
v	kontestoj
v	kontradikt
v	kontraktohem
v	kontraktoj
v	kontriboj
v	kontroll
v	kontrolloj
v	konturë
v	konvertoj
v	koordinoj
v	kopje
v	kopjoj
v	korr
v	korrespondon
v	korrigjoj
v	korruptoj
v	kosit
v	kotësi
v	krah
v	krahasim
v	krahasoj
v	krekosje
v	kremtoj
v	kridhem
v	krijim
v	krijoj
v	krijoj gojarisht
v	kriptoj
v	kristalizoj
v	kronometroj
v	kruajre
v	kryej
v	kryhen
v	kryqëzoj
v	kthehem
v	kthehem nga
v	kthej
v	kthej faqe
v	kthej mbrapa
v	kthesë
v	kthim me shkëmbim
v	kthim parash
v	kthjellohem
v	kthjellët
v	kualifikim
v	kufi
v	kufizoj
v	kuis
v	kujdes
v	kujdes estetik
v	kujdesem
v	kujdesje
v	kujtoj
v	kulloj
v	kultivoj
v	kumbon
v	kundërshtoj
v	kundërveproj
v	kuptoj
v	kuptosh
v	kuqëloj
v	kurajoj
v	kurth
v	kushtoj
v	kushton sa
v	kuti teneqeje
v	kutërbon
v	kuvertë
v	kyç
v	këmbej
v	këmbim
v	këmbëngul
v	kënd
v	këndoj nën zë
v	këpus
v	këputje
v	këqyr
v	këqyr me kujdes
v	kërcas
v	kërcej
v	kërcitje
v	kërcëlloj
v	kërcëllonim
v	kërcënoj
v	kërkes
v	kërkesë
v	kërkim
v	kërkim i ngathët
v	kërkoj
v	kërkoj lëmosh
v	kërkoj të marr vesh
v	kërkëllim
v	këshillohem me
v	këshilloj
v	lahem
v	lahet
v	lajkatoj
v	lajmëroj
v	lajmëtar
v	largim
v	largohem
v	largohem pa rënë në sy
v	largohesh
v	largoj
v	largoj,heq qafe
v	largësi
v	larje
v	lartësi
v	lartësohem
v	lartësoj
v	lavdëroj
v	le
v	ledhatim
v	ledhatoj
v	leh
v	lehtësim
v	lehtësoj
v	lejoj
v	lemeri
v	lende,material
v	lexoj
v	lexoj të dhënat
v	lidh
v	lidh me
v	lidh me fashë
v	lidhem
v	lidhen
v	lidhet me
v	lidhje
v	lie with
v	ligështohem
v	ligështoj
v	limoj
v	lind
v	lindje
v	liroj
v	llafe
v	llastoj
v	llogaris
v	llogaritje
v	llokoçit
v	llomotis
v	llomotitje
v	lodhje
v	loje
v	lokalizoj
v	lotim
v	lotoj
v	love
v	luaj
v	luaj kumar
v	luan
v	lufte
v	luftim
v	luftoj
v	lulëzim
v	lulëzoj
v	lustër
v	lutje
v	luzmë
v	lyej
v	lë
v	lë diku
v	lë gjurmë
v	lë me bar
v	lë me mirëbesim
v	lë mënjanë
v	lë në ngarkim
v	lë pezull
v	lë trashëgim
v	lë të hyj
v	lëkund
v	lëkundje
v	lëkurë gjarpri
v	lëndim
v	lëng barishtesh
v	lënie peng
v	lëshim
v	lëshohem
v	lëshoj
v	lëviz
v	lëviz ngadalë
v	lëviz para mbrapa
v	lëvizje
v	lëvizje e ngadaltë
v	lëvizje e pandërprerë
v	lëvizje e pavullnetshme
v	lëvizje e shpejtë
v	lëvizje përpara
v	lëvizje refleksive
v	make love
v	make out
v	makiazh
v	makinë
v	mallra
v	manipuloj
v	manovër
v	marr
v	marr arratinë
v	marr erë
v	marr hua
v	marr mbrapsht
v	marr me mend
v	marr me qera
v	marr me të mirë
v	marr me vete
v	marr në foto
v	marr në konsideratë
v	marr në telefon
v	marr parasysh
v	marr pjesë
v	marr pjesën
v	marr shërbimin
v	marr si të vërtetë
v	marr vesh
v	marramendje
v	marrëveshje
v	marrëzira
v	marshim
v	martohem
v	mas
v	mas kohën
v	masakroj
v	mashtrim
v	mashtroj
v	mashtrues
v	maskim
v	maskoj
v	mat
v	matje
v	maturohem
v	mbahem
v	mbahem gjallë
v	mbaj
v	mbaj lidhur
v	mbaj me vete
v	mbaj mend
v	mbaj ne kembe
v	mbaj një leksion
v	mbaj nën fre
v	mbaj revole
v	mbaj shoqëri
v	mbaj shënim
v	mbaj të fshehtë
v	mbajtje
v	mbajtëse
v	mban
v	mbante
v	mbaroj
v	mbart
v	mbath
v	mberthej
v	mbetem
v	mbi tokë
v	mbijetoj
v	mbitendosje
v	mbiujës
v	mbizotëroj
v	mbjell
v	mbledh
v	mblidhem
v	mblidhemi bashkë
v	mblidhen
v	mbllaçit
v	mbroj
v	mbulesë
v	mbulim
v	mbuloj
v	mbuluar me mjegull
v	mburr
v	mbush
v	mbush me ajër
v	mbush me gëzim
v	mbush mendjen
v	mbush mëndjen
v	mbush plot
v	mbushje
v	mbyll
v	mbyll brenda
v	mbyt
v	mbytem
v	mbërthej
v	mbërthej me dhëmbë
v	mbështes
v	mbështetem
v	mbështetje
v	mbështetës
v	mbështjell
v	mbështjellë
v	meditoj
v	mendje
v	mendo
v	mendoj
v	mendoj për
v	mendoj thellë
v	meritoj
v	merr
v	merr flakë
v	merr fund
v	merr zjarr
v	metro
v	minierë
v	minimizoj
v	miratim
v	miratoj
v	mitë
v	mizëri
v	mjafton
v	mjaftueshme
v	mjegullirë
v	mobilim
v	model
v	modifikoj
v	mohoj
v	mos kapje
v	mospërputhje mendimesh
v	motoçikletë
v	mpihem
v	mpiks
v	mufatet
v	muhabet
v	mundim
v	mundohem
v	mundoj
v	mundësi
v	mungesë
v	murmurij
v	murmurimë
v	murmuritje
v	më kap veshi
v	më mirë
v	më shkon
v	më vete
v	mënjanohem
v	mënjanoj
v	mënjanë,bej mënjanë
v	mënyrë të ecuri
v	mërzit
v	mësohem
v	mësoj
v	ndahen
v	ndahet
v	ndaj
v	ndaj me masë
v	ndaj me vijë
v	ndaj mënjanë
v	ndaj në pjesë
v	ndajshtesë
v	ndal
v	ndalem
v	ndalesë
v	ndalim
v	ndaloj
v	ndarje
v	ndenjur
v	ndenjëse
v	nderoj
v	ndesh
v	ndeshem
v	ndeshem me
v	ndez
v	ndihme
v	ndihmoj
v	ndihmon
v	ndihmës
v	ndikim
v	ndikoj
v	ndikon
v	ndjek
v	ndjekje
v	ndjenja
v	ndodh
v	ndodhem
v	ndodhen
v	ndreq
v	ndriçim
v	ndriçoj
v	ndriçon
v	ndryshim
v	ndryshim i integruar
v	ndryshim sjellje
v	ndryshim vendi
v	ndryshoj
v	ndryshoj formë
v	ndryshoj formën
v	ndryshoj gjendje
v	ndryshoj madhësinë
v	ndryshoj pamjen e jashtme
v	ndryshoj trajtë
v	ndyj
v	ndërmarr
v	ndërpres
v	ndërrim i puplave
v	ndërrohem
v	ndërroj
v	ndërroj drejtim
v	ndërron qimen
v	ndërtesë
v	ndërthur
v	ndërtoj
v	ndëshkoj
v	nervozizëm
v	nervozoj
v	neutralizoj
v	nevoje
v	ngacmim
v	ngacmoj
v	ngadalësoj
v	ngarkesë
v	ngarkoj
v	ngas
v	ngathtësi
v	ngazëllehem
v	ngazëllej
v	ngjaj
v	ngjall
v	ngjallem
v	ngjarje me rrezik
v	ngjesh
v	ngjeshje
v	ngjet
v	ngjis
v	ngjit
v	ngjitem
v	ngjitem pas
v	ngjitet
v	ngjitje
v	ngjyrë
v	ngre
v	ngre humorin
v	ngre moralin
v	ngre në pozitë
v	ngre në qiell
v	ngricë
v	ngrihem
v	ngrihet
v	ngrij
v	ngritje
v	ngrohem
v	ngrohtë
v	ngul këmbë
v	ngulit
v	ngulmoj
v	ngurroj
v	ngurtësoj
v	ngushtohem
v	ngushtoj
v	ngut
v	ngutem
v	nis
v	nis muhabetin
v	nisem
v	nisem para
v	nisje
v	njehsoj
v	njoftoj
v	njoftoj paraprakisht
v	njoh
v	një shikim vjedhurazi
v	njëmendësoj
v	njëri i përkëdhelur
v	njëtrajtshmëri
v	normë
v	notoj
v	nuancë
v	nuhas
v	nuhatje
v	nuk i lë trashëgim
v	nuk lëshoj
v	nuk pranoj
v	nuk tundem
v	nuk vë re
v	numër
v	numëroj
v	nxeh
v	nxehtësi
v	nxis
v	nxit
v	nxitje
v	nxitoj
v	nxjerr
v	nxjerr frymë
v	nxjerr jashtë
v	nxjerr koncentrat
v	nxjerr nga vendi
v	nxjerr në pah
v	nxjerr në shesh
v	nxjerr para nga xhepi
v	nxjerr përfundime
v	nxjerr përjashta
v	nxjerr të brendshmet
v	nxjerr të pafajshëm
v	nxjerr zë
v	nyje
v	në dukje
v	nënkuptoj
v	nënkupton
v	nënshtrohem
v	nënvizoj
v	nënvleftësoj
v	objektiv
v	ofendoj
v	ofroj
v	operacion
v	operoj
v	organizim
v	organizoj
v	organizëm
v	orientim
v	orientoj
v	orvatje
v	orë
v	oshëtin
v	pagesë
v	pagim
v	paguaj
v	paguaj plotësisht
v	paguan për
v	pagëzim
v	pagëzoj
v	pajis
v	pajis me
v	pajtohem
v	pajtoj
v	pakesoj
v	paketoj
v	pakësim
v	pakësoj
v	pallavra
v	palëvizshmëri
v	pamjaftueshmëri
v	pamje
v	panik
v	paqësoj
v	paracaktoj
v	parakaloj
v	paralajmëroj
v	parandaloj
v	paraprij
v	paraqes
v	paraqitje e jashtme
v	parashikoj
v	parathem
v	parathënie
v	park
v	parkim
v	parregullsi
v	pasoj
v	pasqyrim emocionesh
v	pasqyrim ndjenjash
v	pastrim
v	pastroj
v	pastërti
v	pedalon
v	pelltum
v	pendim
v	pendohem
v	pengesë
v	pengoj
v	perfeksionoj
v	perfekte
v	pergjigjem
v	periudhë
v	perngjaj
v	perputhem
v	pershtatem
v	peshe,ngarkesë
v	pezulloj nga puna
v	pi
v	pickim
v	pije
v	pije alkoolike
v	piketoj
v	pikoj
v	pikturoj
v	pikturoj me ngjyra të ndezura
v	pikturë
v	pikëllohem
v	pilotoj
v	piqem
v	pispillos
v	pjekje
v	pjekuri
v	pjell
v	pjerrje
v	pjerrësi
v	pjese
v	pjesë
v	pjesëtoj
v	planifikoj
v	plasje
v	pleksem
v	pllenim
v	plotësoj
v	pluskues
v	pohoj
v	populloj
v	posedoj
v	poshtëroj
v	postoj
v	pozicion
v	pozicion vertikal
v	pozicionoj
v	pozitë shoqërorë
v	praktikoj
v	pranim
v	pranoj
v	prapsem
v	prehem
v	prejardhje
v	prek
v	prekje
v	premtim
v	premtoj
v	prerje
v	pres
v	pres ftohtë
v	pres një rripë
v	pres në copa
v	pretendoj
v	prezantoj
v	prish
v	prish kot
v	prishem
v	prishje
v	pritje
v	pritë
v	procedo
v	prodhim
v	prodhim nga lënda e parë
v	prodhoj
v	progres
v	prononcoj
v	propozoj
v	protestë
v	prove
v	provoj
v	provokoj
v	provë
v	proçedoj
v	publikim
v	publikoj
v	pulsim
v	pulsë
v	pune
v	punoj
v	punoj rëndshëm
v	punë
v	punë e dobët
v	punë e rëndë
v	purifikoj
v	pushim
v	pushoj
v	pushoj nga puna
v	pushtim
v	pushtoj
v	pyes
v	pyes veten
v	pëlcas
v	pëlcitje
v	pëlqej
v	pëlqim
v	përball
v	përballoj
v	përbëj
v	përcaktoj
v	përcaktoj qartë
v	përcaktoj sasinë
v	përcëlloj
v	përdor
v	përdore
v	përdredh
v	përdredhje
v	përfaqësoj
v	përforcoj
v	përfshij
v	përfshij, angazhoj
v	përfundoj
v	përfytyroj
v	përgatis
v	përgatit
v	përgatitem
v	përgjegjësi
v	përgjigjem
v	përgjoj
v	përgënjeshtroj
v	përhap
v	përhapem
v	përhapje
v	përjashtoj
v	përkas
v	përkatës
v	përket
v	përkrah
v	përkthej
v	përkulem
v	përkulje
v	përkushtim
v	përkëdhel
v	përkëdhelje
v	përleshje
v	përmasë
v	përmbahem
v	përmbaj
v	përmbajtje
v	përmban
v	përmbledh
v	përmbush
v	përmbys
v	përmbysem
v	përmbysje
v	përmbytje
v	përmend paraprak
v	përmendem
v	përmirësim
v	përmirësoj
v	përndaj
v	përparim
v	përparoj
v	përparon
v	përpiqem
v	përpjekje
v	përplas
v	përplasja
v	përplasje
v	përpunoj
v	përputh
v	përputhem
v	përpëlitje
v	përqas
v	përqesh
v	përqëndrohem
v	përshat
v	përshkoj
v	përshkon
v	përshkruaj
v	përshpejtoj
v	përshtat
v	përshtatem
v	përshëndes
v	përsëris
v	përsërit
v	përsëritet
v	përtypje
v	përul
v	përvetësoj
v	përvijoj
v	përvojë
v	përziej
v	përzierje
v	përzihem
v	përzjerje
v	përçaj
v	përçartje
v	përçoj
v	pëshpëris
v	pëshpëritje
v	pësoj
v	pësoj rënie
v	pëson
v	qaj
v	qaravitje
v	qarkulloj
v	qartësohem
v	qartësoj
v	qellim
v	qendrese
v	qep
v	qep bashkë
v	qepem
v	qepem keq
v	qera
v	qesh
v	qesharak
v	qetësim
v	qetësohem
v	qetësohet
v	qetësoj
v	qetësoj grindjen
v	qeveris
v	qitje
v	quaj
v	qullos
v	që përmbyset
v	qëlloj
v	qëllon që
v	qëndisje
v	qëndrim
v	qëndroj
v	qëndroj ulur
v	qëndron për
v	qëndron tek
v	qëroj
v	rafinoj
v	raport
v	raportoj
v	reagoj
v	realizoj
v	recitoj
v	reduktohem
v	reduktoj
v	referohem
v	reflektoj
v	refuzoj
v	regjistroj
v	regjistër
v	reklamoj
v	rekomandoj
v	rekuperoj
v	rendis
v	rendit
v	reputacion
v	respektoj
v	restauroj
v	rezervoj
v	rezistoj
v	rezultat
v	rezulton
v	rifitoj
v	rigjej
v	rimarr
v	rimarr veten
v	rindërtoj
v	riparoj
v	riprodhim
v	riprodhohet
v	riprodhoj
v	rishfaqet
v	rishikoj
v	risk
v	rivendos
v	rivihem
v	roll in the hay
v	rrafshinë
v	rrafshoj
v	rrah
v	rrahje
v	rregjistroj
v	rregull
v	rregullim rrëmuje
v	rregulloj
v	rreh
v	rrenë ,gënjeshtër
v	rreshje
v	rrethim
v	rrethoj
v	rrezatoj
v	rrezik
v	rrezikim
v	rrezikoj
v	rri
v	rri ne shtrat
v	rri në këmbë
v	rri ulur
v	rrip
v	rrit
v	rritem
v	rritet
v	rritje
v	rrjedh
v	rrjedhë
v	rrjep
v	rrobë
v	rroj
v	rrokullis
v	rrotull
v	rrotullim
v	rrotullohem
v	rrotë
v	rrudhë
v	rrumbullakos
v	rryshfet
v	rrëfej
v	rrëgjohem
v	rrëmbej
v	rrëmbim
v	rrëmoj
v	rrëmujë
v	rrëqethje
v	rrëshqas
v	rrëshqitje
v	rrëzim
v	rrëzoj
v	ruaj
v	rul
v	rulon
v	rëndoj
v	rënie
v	rënkim
v	sajoj
v	sasi
v	screw
v	sekuestroj
v	selektoj
v	sfidoj
v	shaj
v	shantazh
v	sharrë
v	shartim
v	shenjestër
v	shenjoj
v	shenjë
v	shenjë paralajmëruese
v	sherbej
v	shes
v	sheshoj
v	shfajësoj
v	shfaq
v	shfaqem
v	shfaqet
v	shformoj
v	shfrej
v	shfryj
v	shfrytëzoj
v	shi
v	shi i madh
v	shi i rrëmbyeshëm
v	shi me gjyma
v	shi me shtambë
v	shifroj
v	shije
v	shijoj
v	shikim
v	shikim i shpejtë
v	shkak
v	shkaktoj
v	shkaktoj humbje
v	shkaktoj vuajtje
v	shkarje
v	shkarkoj
v	shkatërrim
v	shkatërrohem
v	shkatërroj
v	shkelje syri
v	shkelm
v	shkoj
v	shkoj afër
v	shkoj andej këtej
v	shkoj pas
v	shkoj përpara
v	shkoj shpejt
v	shkoj,i kam hije
v	shkolloj
v	shkopsit
v	shkrij
v	shkrijë së bashku
v	shkrim
v	shkruaj
v	shkruaj me shifër
v	shkruaj në kode
v	shkrumboj
v	shkund
v	shkurtoj
v	shkëlqim
v	shkëmbej
v	shkëmbim
v	shkëput
v	shkëputem
v	shkërmoq
v	shlyej
v	shmang
v	shmangem
v	shndërroj
v	shoh
v	shoqëri
v	shoqërohem
v	shoqëroj
v	shoqëroj,radhitem
v	shoqërues
v	shpaketoj
v	shpall
v	shpalos
v	shpat
v	shpejtoj
v	shpenzim
v	shpenzoj
v	shpif
v	shpim
v	shpjegoj
v	shpoj
v	shpreh
v	shpreh gëzim
v	shpreh hare
v	shpreh me fjalë
v	shprese
v	shpresë suksesi
v	shpëlarje
v	shpëndaj
v	shpërbëhet
v	shpërbëj
v	shpërdoroj
v	shpërfill
v	shpërhap
v	shpërndahem
v	shpërndaj
v	shpërndarje
v	shpërthej
v	shpërthim
v	shqetësim
v	shqetësoj
v	shqiptoj
v	shqiptoj fjalë-fjalë
v	shquaj
v	shqyrtoj
v	shteg
v	shtendosem
v	shter
v	shterngate
v	shtesë
v	shtie në dorë
v	shtim
v	shtime
v	shtjelloj
v	shtohem
v	shtoj
v	shtoj në peshë
v	shtojcë
v	shtresë
v	shtri
v	shtrihem
v	shtrij
v	shtrëngim
v	shtrëngohem
v	shtrëngoj
v	shturje
v	shty
v	shtyj
v	shtyj afatin
v	shtyj mënjanë
v	shtyp
v	shtypje
v	shtyrje
v	shtysë
v	shtytje
v	shuaj
v	shuhem
v	shuhet
v	shumohem
v	shumë
v	shumëfishoj
v	shushurij
v	shushurimë
v	shënim
v	shënoj
v	shërbej
v	shërbim
v	shëroj
v	shëtitje
v	siguroj
v	sillem
v	sipërfaqe
v	sistem veprimesh
v	sistemohem
v	sistemoj
v	sjell ndërmend
v	sjell në jetë
v	sjell në mend
v	sjellje
v	skaj
v	ski
v	skicoj
v	skuq
v	skuqem
v	skuqje
v	sleep with
v	sokëllij
v	sos durimin
v	specifikoj
v	spekuloj
v	sprovë
v	spërkat
v	spërkë
v	sqaroj
v	stabilizoj
v	stakoj
v	sterilizoj
v	stimuloj
v	stolis
v	strehohem
v	strukem
v	studioj
v	stuhi
v	stërvit
v	stërvitem
v	sugjeroj
v	sukses
v	sulm
v	sulmoj
v	suportoj
v	supozim
v	supozoj
v	sëmbim
v	sëmundje
v	sëmurë lehtë
v	tabelë
v	takohen në
v	takoj
v	tall
v	tallës
v	tambur
v	tatëpjetë
v	tejkaloj
v	telefonoj
v	telekomunikim
v	telikos
v	tendos
v	tensionoj
v	tentativë
v	teorizoj
v	terezis
v	testoj
v	thahem
v	thahet
v	thaj
v	tharbem
v	tharje
v	thartoj
v	thashetheme
v	thek
v	theksim
v	theksoj
v	thellësi
v	them
v	them lamtumirë
v	themeloj
v	ther
v	therje
v	thesar
v	thirrje
v	thithin
v	thithje
v	thumbim
v	thur
v	thyej
v	thërmohet
v	thërras
v	thërrmoj
v	tiganis
v	tik tak
v	tingull
v	tingull ore
v	tingullues
v	tingëllim
v	tingëllim këmbanash
v	tingëllon
v	tipizoj
v	tkurr
v	tkurrem
v	toleroj
v	torturoj
v	trajnoj
v	trajtoj
v	transferim
v	transferoj
v	transformoj
v	transmetoj
v	transportim
v	transportoj
v	trazim
v	trazoj
v	tregoj
v	tregoj rrugën
v	tregti
v	tregues
v	tregëti
v	trembje
v	tren
v	tret
v	tretem
v	trilloj
v	tringëllimë
v	triumfoj
v	trokitje e lehtë
v	tryezë
v	trysni
v	tund
v	tund kokën
v	tundem
v	turbullirë
v	turbulloj
v	turielë
v	turpërohem
v	turpëroj
v	turrem
v	tymosje
v	të ardhura
v	të jesh aktiv
v	të lejosh
v	të marrësh një sy gjumë
v	të qënurit mirë
v	të veprosh ne mënyrë refleksive
v	të veprosh në mënyrë të pavullnetshme
v	tërheq
v	tërheqje
v	tërhiqem
v	udhëheq
v	udhëheqës
v	udhërrëfyes
v	udhëtim
v	udhëtim me makinë
v	udhëtoj
v	udhëzoj
v	ujdis
v	ul
v	ulem
v	ulje
v	ulëras
v	ulërij
v	ulërim
v	unifikoj
v	urdhëroj
v	ushqej
v	ushqim
v	ushqim per kafshët
v	ushtimë
v	ushtrim
v	ushtrime
v	ushtroj
v	uturin
v	va
v	vajtoj
v	vallëzim
v	valë
v	valëvitje
v	var
v	varet
v	varg
v	vazhdoj
v	vazhdoj së punuari
v	vazhdoj të jem
v	vdes
v	vdes nga dëshira
v	ve ne raft
v	ve në një nivel
v	vegël për përkulje hekuri
v	vend i mbyllur
v	vendos
v	vendos pranë
v	vendqëndrim
v	venitet
v	veprim
v	vepro
v	veproj
v	verifikoj
v	veshje për pritje
v	veshtrim
v	veç
v	veçmas
v	veçoj
v	vihem pas
v	vij
v	vij në
v	vij në jetë
v	vijoj
v	vijë e lakuar,kurbë
v	vikatje
v	vishem
v	vishu
v	vizatim
v	vizatoj
v	vjen nga
v	vjetërsohem
v	vlen
v	vlere
v	vlerë
v	vlerësim
v	vlerësoj
v	vlerësues
v	vlon
v	vonoj
v	vrap
v	vrapim
v	vrapim me vrull
v	vrapim shpejtësie
v	vrapoj
v	vras
v	vras mendjen
v	vrasje
v	vrimë
v	vringëlloj
v	vrojtoj
v	vrojton
v	vrull
v	vrullshëm
v	vuaj
v	vuajtje
v	vullnetar
v	vyshk
v	vë
v	vë cak
v	vë jetën në rrezik
v	vë në dijeni
v	vë në lojë
v	vë në merak
v	vë në plan
v	vë në provë
v	vë në rregull
v	vë në rrezik
v	vë në vijë
v	vë re
v	vë zjarr
v	vëmendje
v	vënie taksash
v	vërshim
v	vërtetoj
v	vërtitem
v	vështirësi
v	vështrim ngultas
v	vështroj ngultas
v	vëzhgim
v	xhindos
v	zakon
v	zaptoj
v	zbardh
v	zbardhet
v	zbatoj
v	zbavitem
v	zbeh
v	zbehem
v	zbraz
v	zbrazje
v	zbres
v	zbres nga
v	zbritje
v	zbritje e ëmbël
v	zbukuroj
v	zbuloj
v	zbut
v	zbërthehet
v	zbërthej
v	zdërvitje
v	zemërim
v	zemëroj
v	zgjas
v	zgjat
v	zgjatem
v	zgjatje
v	zgjatoj
v	zgjedh
v	zgjedhje
v	zgjeroj
v	zgjidh
v	zgjidh një problem
v	zgjim
v	zgjohem
v	zgjoj
v	zgurdulloj
v	zhbllokim
v	zhbllokoj
v	zhburrëroj
v	zhduk
v	zhdukem
v	zhdëmtoj
v	zhubros
v	zhubër
v	zhul
v	zhurmon
v	zhvendos
v	zhvendosje
v	zhvesh
v	zhvidhos
v	zhvillim
v	zhvillim ngjarjesh
v	zhvillohem
v	zhvillohet
v	zhvilloj
v	zhvleftësoj
v	zhytem
v	ziej
v	zmadhoj
v	zmbrapsje
v	zotëroj
v	zukat
v	zvarritem
v	zvarritje
v	zverdhem
v	zvogëlohem
v	zvogëloj
v	zë
v	zë frymën
v	zë vend
v	zëvendësoj
v	zëvendësues
v	çaj
v	çaj përmes
v	çakordoj
v	çalim
v	çan
v	çapitje
v	çarje
v	çel
v	çelen sytë
v	çift
v	çiftohem
v	çiftoj
v	çirrem
v	çkoloroj
v	çlirohem
v	çliroj
v	çlodhem
v	çlodhje
v	çmim
v	çmoj
v	çmontoj
v	çngjyros
v	çohem
v	çoj
v	çoj lartë
v	çoj nëpër mend
v	çoj përpara
v	çoksigjenoj
v	çokë
v	çorientoj
v	çrregullim
v	çrregulloj
v	çudi
v	ëndërrim
v	është ne lartesine e duhur
