lemma	category	lexicon_function	rhs
shtoj	V3	add_V3	"mkV3 (mkV ""shtoj"") noPrep (mkPrep [] dative)"
aeroplan	N	airplane_N	"mkN032 ""aeroplan"""
medet	Interj	alas_Interj	"mkInterj ""medet"""
tashmë	Adv	already_Adv	"mkAdv ""tashmë"""
kafshë	N	animal_N	"mkN ""kafshë"""
përgjigjem	V2S	answer_V2S	"mkV2S (mkV ""përgjigjem"")"
apartament	N	apartment_N	"mkN ""apartament"""
mollë	N	apple_N	mkNFull appleNForms feminine
art	N	art_N	"mkN ""art"""
hi	N	ashes_N	"mkN ""hi"""
pyes	V2Q	ask_V2Q	"mkV2Q (mkV ""pyes"")"
foshnjë	N	baby_N	"mkN ""foshnjë"""
shpinë	N	back_N	"mkN ""shpinë"""
keq	A	bad_A	"mkA ""keq"""
bankë	N	bank_N	"mkN ""bankë"""
lëvore	N	bark_N	"mkN ""lëvore"""
bukur	A	beautiful_A	"mkA ""bukur"""
bëhem	VA	become_VA	mkVA (lin V I.behem_V)
birrë	N	beer_N	"mkN ""birrë"""
lutem	V2V	beg_V2V	"mkV2V (mkV ""lutem"")"
bark	N	belly_N	"mkN ""bark"""
madh	A	big_A	"mkA ""madh"""
biçikletë	N	bike_N	"mkN ""biçikletë"""
zog	N	bird_N	"mkN ""zog"""
kafshoj	V2	bite_V2	"mkV2 (mkV ""kafshoj"")"
zi	A	black_A	"mkA ""zi"""
gjak	N	blood_N	"mkN ""gjak"""
fryj	V	blow_V	"mkV ""fryj"""
kaltër	A	blue_A	"mkA ""kaltër"""
varkë	N	boat_N	"mkN ""varkë"""
kockë	N	bone_N	"mkN ""kockë"""
libër	N	book_N	mkNFull bookNForms masculine
çizme	N	boot_N	"mkN ""çizme"""
shef	N	boss_N	"mkN ""shef"""
djalë	N	boy_N	mkNFull boyNForms masculine
bukë	N	bread_N	"mkN ""bukë"""
thyej	V2	break_V2	"mkV2 (mkV ""thyej"")"
gji	N	breast_N	"mkN ""gji"""
frymoj	V	breathe_V	"mkV ""frymoj"""
gjerë	A	broad_A	"mkA ""gjerë"""
vëlla	N2	brother_N2	"mkN2 (mkN ""vëlla"") (mkPrep ""i"")"
kafe	A	brown_A	"mkA ""kafe"""
digjem	V	burn_V	"mkV ""digjem"""
gjalpë	N	butter_N	"mkN ""gjalpë"""
blej	V2	buy_V2	mkV2 (lin V I.blej_V)
kamerë	N	camera_N	"mkN ""kamerë"""
kapelë	N	cap_N	"mkN ""kapelë"""
makinë	N	car_N	"mkN ""makinë"""
qilim	N	carpet_N	"mkN ""qilim"""
mace	N	cat_N	"mkN ""mace"""
tavan	N	ceiling_N	"mkN ""tavan"""
karrige	N	chair_N	"mkN ""karrige"""
djathë	N	cheese_N	"mkN ""djathë"""
fëmijë	N	child_N	"mkN ""fëmijë"""
kishë	N	church_N	"mkN ""kishë"""
qytet	N	city_N	"mkN ""qytet"""
pastër	A	clean_A	"mkA ""pastër"""
zgjuar	A	clever_A	"mkA ""zgjuar"""
mbyll	V2	close_V2	"mkV2 (mkV ""mbyll"")"
re	N	cloud_N	"mkN ""re"""
pallto	N	coat_N	"mkN ""pallto"""
ftohtë	A	cold_A	"mkA ""ftohtë"""
vij	V	come_V	lin V I.vij_V
kompjuter	N	computer_N	"mkN ""kompjuter"""
saktë	A	correct_A	"mkA ""saktë"""
vend	N	country_N	"mkN ""vend"""
numëroj	V2	count_V2	"mkV2 (mkV ""numëroj"")"
kushëri	N	cousin_N	"mkN ""kushëri"""
lopë	N	cow_N	"mkN ""lopë"""
pres	V2	cut_V2	"mkV2 (mkV ""pres"")"
ditë	N	day_N	"mkN ""ditë"""
vdes	V	die_V	"mkV ""vdes"""
gërmoj	V	dig_V	"mkV ""gërmoj"""
pis	A	dirty_A	"mkA ""pis"""
distancë	N3	distance_N3	"mkN3Lex (mkN ""distancë"") (mkPrepLex ""nga"" R.Ablat) (mkPrepLex ""deri në"" R.Acc)"
mjek	N	doctor_N	"mkN ""mjek"""
qen	N	dog_N	"mkN ""qen"""
derë	N	door_N	"mkN ""derë"""
bëj	V2	do_V2	"mkV2 (mkV ""bëj"")"
pi	V2	drink_V2	"mkV2 (mkV008 ""pi"")"
thatë	A	dry_A	"mkA ""thatë"""
mërzitshëm	A	dull_A	"mkA ""mërzitshëm"""
pluhur	N	dust_N	"mkN ""pluhur"""
vesh	N	ear_N	"mkN ""vesh"""
tokë	N	earth_N	"mkN ""tokë"""
lehtë	A2V	easy_A2V	"mkA2 (mkA ""lehtë"")"
ha	V2	eat_V2	mkV2 (lin V I.ha_V)
vezë	N	egg_N	"mkN ""vezë"""
bosh	A	empty_A	"mkA ""bosh"""
armik	N	enemy_N	"mkN ""armik"""
sy	N	eye_N	"mkN ""sy"""
fabrikë	N	factory_N	"mkN ""fabrikë"""
rrëzohem	V	fall_V	"mkV ""rrëzohem"""
larg	Adv	far_Adv	"mkAdv ""larg"""
baba	N2	father_N2	"mkN2 (mkN ""baba"") (mkPrep ""i"")"
dhjamë	N	fat_N	"mkN ""dhjamë"""
druaj	VS	fear_VS	"mkVS (mkV ""druaj"")"
druaj	V2	fear_V2	"mkV2 (mkV ""druaj"")"
pendë	N	feather_N	"mkN ""pendë"""
luftoj	V2	fight_V2	"mkV2 (mkV ""luftoj"")"
gjej	V2	find_V2	mkV2 (lin V I.gjej_V)
thua	N	fingernail_N	"mkN ""thua"""
zjarr	N	fire_N	"mkN ""zjarr"""
peshk	N	fish_N	"mkN ""peshk"""
pluskoj	V	float_V	"mkV ""pluskoj"""
dysheme	N	floor_N	"mkN ""dysheme"""
lule	N	flower_N	"mkN ""lule"""
rrjedh	V	flow_V	"mkV ""rrjedh"""
fluturoj	V	fly_V	"mkV ""fluturoj"""
mjegull	N	fog_N	"mkN ""mjegull"""
këmbë	N	foot_N	"mkN ""këmbë"""
pyll	N	forest_N	"mkN ""pyll"""
harroj	V2	forget_V2	"mkV2 (mkV ""harroj"")"
ngrij	V	freeze_V	"mkV ""ngrij"""
frigorifer	N	fridge_N	"mkN ""frigorifer"""
mik	N	friend_N	"mkN ""mik"""
frut	N	fruit_N	"mkN ""frut"""
plot	A	full_A	"mkA ""plot"""
zbavitës	AV	fun_AV	"mkA ""zbavitës"""
kopsht	N	garden_N	"mkN ""kopsht"""
vajzë	N	girl_N	"mkN ""vajzë"""
jap	V3	give_V3	mkV3 (lin V I.jap_V) noPrep (mkPrep [] dative)
dorezë	N	glove_N	"mkN ""dorezë"""
ar	N	gold_N	"mkN ""ar"""
mirë	A	good_A	"mkA ""mirë"""
shkoj	V	go_V	"mkV ""shkoj"""
gramatikë	N	grammar_N	"mkN ""gramatikë"""
bar	N	grass_N	"mkN ""bar"""
gjelbër	A	green_A	"mkA ""gjelbër"""
zorrë	N	guts_N	"mkN ""zorrë"""
flok	N	hair_N	"mkN ""flok"""
dorë	N	hand_N	"mkN ""dorë"""
port	N	harbour_N	"mkN ""port"""
urrej	V2	hate_V2	"mkV2 (mkV ""urrej"")"
kapelë	N	hat_N	"mkN ""kapelë"""
kokë	N	head_N	"mkN ""kokë"""
zemër	N	heart_N	"mkN ""zemër"""
dëgjoj	V2	hear_V2	"mkV2 (mkV ""dëgjoj"")"
rëndë	A	heavy_A	"mkA ""rëndë"""
kodër	N	hill_N	"mkN ""kodër"""
godit	V2	hit_V2	"mkV2 (mkV ""godit"")"
mbaj	V2	hold_V2	"mkV2 (mkV ""mbaj"")"
shpresoj	VS	hope_VS	"mkVS (mkV ""shpresoj"")"
bri	N	horn_N	"mkN ""bri"""
kalë	N	horse_N	"mkN ""kalë"""
nxehtë	A	hot_A	"mkA ""nxehtë"""
shtëpi	N	house_N	"mkN ""shtëpi"""
gjuaj	V2	hunt_V2	"mkV2 (mkV ""gjuaj"")"
burrë	N	husband_N	"mkN ""burrë"""
akull	N	ice_N	"mkN ""akull"""
rëndësishëm	A	important_A	"mkA ""rëndësishëm"""
industri	N	industry_N	"mkN ""industri"""
hekur	N	iron_N	"mkN ""hekur"""
Gjon	PN	john_PN	"mkPN ""Gjon"""
kërcej	V	jump_V	"mkV ""kërcej"""
vras	V2	kill_V2	"mkV2 (mkV ""vras"")"
mbret	N	king_N	"mkN ""mbret"""
gju	N	knee_N	"mkN ""gju"""
njoh	V2	know_V2	"mkV2 (mkV ""njoh"")"
kuptoj	VQ	know_VQ	"mkVQ (mkV ""kuptoj"")"
kuptoj	VS	know_VS	"mkVS (mkV ""kuptoj"")"
liqen	N	lake_N	"mkN ""liqen"""
llambë	N	lamp_N	"mkN ""llambë"""
gjuhë	N	language_N	"mkN ""gjuhë"""
qesh	V	laugh_V	"mkV ""qesh"""
gjethe	N	leaf_N	"mkN ""gjethe"""
mësoj	V2	learn_V2	"mkV2 (mkV ""mësoj"")"
lëkurë	N	leather_N	"mkN ""lëkurë"""
lë	V2	leave_V2	"mkV2 (mkV ""lë"")"
i majtë	Ord	left_Ord	"lin Ord {s = table {_ => table {_ => table {_ => ""i majtë""}}}}"
këmbë	N	leg_N	"mkN ""këmbë"""
gënjej	V	lie_V	"mkV ""gënjej"""
pëlqej	V2	like_V2	"mkV2 (mkV ""pëlqej"")"
dëgjoj	V2	listen_V2	"mkV2 (mkV ""dëgjoj"")"
mëlçi	N	liver_N	"mkN ""mëlçi"""
jetoj	V	live_V	"mkV ""jetoj"""
gjatë	A	long_A	"mkA ""gjatë"""
humb	V2	lose_V2	"mkV2 (mkV ""humb"")"
morr	N	louse_N	"mkN ""morr"""
dashuri	N	love_N	"mkN ""dashuri"""
dashuroj	V2	love_V2	"mkV2 (mkV ""dashuroj"")"
burrë	N	man_N	mkNFull manNForms masculine
martuar	A2	married_A2	"mkA2 (mkA ""martuar"") (mkPrep ""me"")"
mish	N	meat_N	"mkN ""mish"""
qumësht	N	milk_N	"mkN ""qumësht"""
hënë	N	moon_N	"mkN ""hënë"""
nënë	N2	mother_N2	"mkN2 (mkN ""nënë"") (mkPrep ""e"")"
mal	N	mountain_N	"mkN ""mal"""
gojë	N	mouth_N	"mkN ""gojë"""
muzikë	N	music_N	"mkN ""muzikë"""
emër	N	name_N	"mkN ""emër"""
ngushtë	A	narrow_A	"mkA ""ngushtë"""
afër	A	near_A	"mkA ""afër"""
qafë	N	neck_N	"mkN ""qafë"""
ri	A	new_A	"mkA ""ri"""
gazetë	N	newspaper_N	"mkN ""gazetë"""
natë	N	night_N	"mkN ""natë"""
hundë	N	nose_N	"mkN ""hundë"""
tani	Adv	now_Adv	"mkAdv ""tani"""
numër	N	number_N	"mkN ""numër"""
vaj	N	oil_N	"mkN ""vaj"""
vjetër	A	old_A	"mkA ""vjetër"""
hap	V2	open_V2	"mkV2 (mkV ""hap"")"
lyej	V2A	paint_V2A	"mkV2A (mkV ""lyej"")"
letër	N	paper_N	"mkN ""letër"""
Paris	PN	paris_PN	"mkPN ""Paris"""
paqe	N	peace_N	"mkN ""paqe"""
stilolaps	N	pen_N	"mkN ""stilolaps"""
person	N	person_N	"mkN ""person"""
planet	N	planet_N	"mkN ""planet"""
plastikë	N	plastic_N	"mkN ""plastikë"""
luaj	V2	play_V2	"mkV2 (mkV ""luaj"")"
luaj	V	play_V	"mkV ""luaj"""
polic	N	policeman_N	"mkN ""polic"""
prift	N	priest_N	"mkN ""prift"""
mundshëm	AS	probable_AS	"mkA ""mundshëm"""
tërheq	V2	pull_V2	"mkV2 (mkV ""tërheq"")"
shtyj	V2	push_V2	"mkV2 (mkV ""shtyj"")"
vendos	V2	put_V2	"mkV2 (mkV ""vendos"")"
mbretëreshë	N	queen_N	"mkN ""mbretëreshë"""
pyetje	N	question_N	"mkN ""pyetje"""
radio	N	radio_N	"mkN ""radio"""
shi	N	rain_N	"mkN ""shi"""
bie shi	V0	rain_V0	"SV.mkVConst ""bie shi"""
lexoj	V2	read_V2	"mkV2 (mkV ""lexoj"")"
gati	A	ready_A	"mkA ""gati"""
arsye	N	reason_N	"mkN ""arsye"""
kuq	A	red_A	"mkA ""kuq"""
fe	N	religion_N	"mkN ""fe"""
restorant	N	restaurant_N	"mkN ""restorant"""
i djathtë	Ord	right_Ord	"lin Ord {s = table {_ => table {_ => table {_ => ""i djathtë""}}}}"
lumë	N	river_N	"mkN ""lumë"""
rrugë	N	road_N	"mkN ""rrugë"""
shkëmb	N	rock_N	"mkN ""shkëmb"""
çati	N	roof_N	"mkN ""çati"""
rrënjë	N	root_N	"mkN ""rrënjë"""
litar	N	rope_N	"mkN ""litar"""
kalbur	A	rotten_A	"mkA ""kalbur"""
rrumbullakët	A	round_A	"mkA ""rrumbullakët"""
gomë	N	rubber_N	"mkN ""gomë"""
fërkoj	V2	rub_V2	"mkV2 (mkV ""fërkoj"")"
rregull	N	rule_N	"mkN ""rregull"""
vrapoj	V	run_V	"mkV ""vrapoj"""
kripë	N	salt_N	"mkN ""kripë"""
rërë	N	sand_N	"mkN ""rërë"""
them	VS	say_VS	mkVS (lin V I.them_V)
shkollë	N	school_N	"mkN ""shkollë"""
shkencë	N	science_N	"mkN ""shkencë"""
gërvisht	V2	scratch_V2	"mkV2 (mkV ""gërvisht"")"
det	N	sea_N	"mkN ""det"""
farë	N	seed_N	"mkN ""farë"""
kërkoj	V2	seek_V2	"mkV2 (mkV ""kërkoj"")"
shoh	V2	see_V2	mkV2 (lin V I.shoh_V)
shes	V3	sell_V3	"mkV3 (mkV ""shes"") noPrep (mkPrep [] dative)"
dërgoj	V3	send_V3	"mkV3 (mkV ""dërgoj"") noPrep (mkPrep [] dative)"
qep	V	sew_V	"mkV ""qep"""
mprehtë	A	sharp_A	"mkA ""mprehtë"""
dele	N	sheep_N	"mkN ""dele"""
anije	N	ship_N	"mkN ""anije"""
këmishë	N	shirt_N	"mkN ""këmishë"""
këpucë	N	shoe_N	"mkN ""këpucë"""
dyqan	N	shop_N	"mkN ""dyqan"""
shkurtër	A	short_A	"mkA ""shkurtër"""
argjend	N	silver_N	"mkN ""argjend"""
këndoj	V	sing_V	"mkV ""këndoj"""
motër	N	sister_N	"mkN ""motër"""
ulem	V	sit_V	"mkV ""ulem"""
lëkurë	N	skin_N	"mkN ""lëkurë"""
qiell	N	sky_N	"mkN ""qiell"""
fle	V	sleep_V	"SV.mkVConst ""fle"""
vogël	A	small_A	"mkA ""vogël"""
nuhas	V	smell_V	"mkV ""nuhas"""
tym	N	smoke_N	"mkN ""tym"""
lëmuar	A	smooth_A	"mkA ""lëmuar"""
gjarpër	N	snake_N	"mkN ""gjarpër"""
borë	N	snow_N	"mkN ""borë"""
çorap	N	sock_N	"mkN ""çorap"""
këngë	N	song_N	"mkN ""këngë"""
flas	V2	speak_V2	"mkV2 (mkV ""flas"")"
pështyj	V	spit_V	"mkV ""pështyj"""
ndaj	V2	split_V2	"mkV2 (mkV ""ndaj"")"
shtrydh	V2	squeeze_V2	"mkV2 (mkV ""shtrydh"")"
ther	V2	stab_V2	"mkV2 (mkV ""ther"")"
qëndroj	V	stand_V	"mkV ""qëndroj"""
yll	N	star_N	"mkN ""yll"""
çelik	N	steel_N	"mkN ""çelik"""
shkop	N	stick_N	"mkN ""shkop"""
gur	N	stone_N	"mkN ""gur"""
ndalem	V	stop_V	"mkV ""ndalem"""
sobë	N	stove_N	"mkN ""sobë"""
drejt	A	straight_A	"mkA ""drejt"""
student	N	student_N	"mkN ""student"""
budalla	A	stupid_A	"mkA ""budalla"""
thith	V2	suck_V2	"mkV2 (mkV ""thith"")"
diell	N	sun_N	"mkN ""diell"""
fryhem	V	swell_V	"mkV ""fryhem"""
notoj	V	swim_V	"mkV ""notoj"""
fik	V2	switch8off_V2	"mkV2 (mkV ""fik"")"
ndez	V2	switch8on_V2	"mkV2 (mkV ""ndez"")"
tryezë	N	table_N	"mkN ""tryezë"""
bisht	N	tail_N	"mkN ""bisht"""
flas	V3	talk_V3	"mkV3 (mkV ""flas"") (mkPrep ""me"") (mkPrep ""për"")"
mësues	N	teacher_N	"mkN ""mësues"""
mësoj	V2	teach_V2	"mkV2 (mkV ""mësoj"")"
televizor	N	television_N	"mkN ""televizor"""
trashë	A	thick_A	"mkA ""trashë"""
hollë	A	thin_A	"mkA ""hollë"""
mendoj	V	think_V	"mkV ""mendoj"""
hedh	V2	throw_V2	"mkV2 (mkV ""hedh"")"
lidh	V2	tie_V2	"mkV2 (mkV ""lidh"")"
sot	Adv	today_Adv	"mkAdv ""sot"""
gjuhë	N	tongue_N	"mkN ""gjuhë"""
dhëmb	N	tooth_N	"mkN ""dhëmb"""
tren	N	train_N	"mkN ""tren"""
udhëtoj	V	travel_V	"mkV ""udhëtoj"""
pemë	N	tree_N	"mkN ""pemë"""
kthehem	V	turn_V	"mkV ""kthehem"""
shëmtuar	A	ugly_A	"mkA ""shëmtuar"""
pasigurt	A	uncertain_A	"mkA ""pasigurt"""
kuptoj	V2	understand_V2	"mkV2 (mkV ""kuptoj"")"
universitet	N	university_N	"mkN ""universitet"""
fshat	N	village_N	"mkN ""fshat"""
vjell	V	vomit_V	"mkV ""vjell"""
pres	V2	wait_V2	"mkV2 (mkV ""pres"")"
shëtis	V	walk_V	"mkV ""shëtis"""
ngrohtë	A	warm_A	"mkA ""ngrohtë"""
luftë	N	war_N	"mkN ""luftë"""
laj	V2	wash_V2	"mkV2 (mkV ""laj"")"
shikoj	V2	watch_V2	"mkV2 (mkV ""shikoj"")"
ujë	N	water_N	"mkN ""ujë"""
lagur	A	wet_A	"mkA ""lagur"""
bardhë	A	white_A	"mkA ""bardhë"""
gjerë	A	wide_A	"mkA ""gjerë"""
grua	N	wife_N	"mkN ""grua"""
erë	N	wind_N	"mkN ""erë"""
dritare	N	window_N	"mkN ""dritare"""
verë	N	wine_N	"mkN ""verë"""
krah	N	wing_N	"mkN ""krah"""
fitoj	V2	win_V2	"mkV2 (mkV ""fitoj"")"
fshij	V2	wipe_V2	"mkV2 (mkV ""fshij"")"
grua	N	woman_N	"mkN ""grua"""
pyes veten	VQ	wonder_VQ	"mkVQ (SV.mkVConst ""pyes veten"")"
dru	N	wood_N	"mkN ""dru"""
krimb	N	worm_N	"mkN ""krimb"""
shkruaj	V2	write_V2	"mkV2 (mkV ""shkruaj"")"
vit	N	year_N	"mkN ""vit"""
verdhë	A	yellow_A	"mkA ""verdhë"""
ri	A	young_A	"mkA ""ri"""
