source_symbol,source_category,status,morphodict_ids,reason
add_V3,V3,mapped,shtoj_V,
airplane_N,N,mapped,aeroplan_N,
alas_Interj,Interj,mapped,medet_Interj,
already_Adv,Adv,mapped,tashmë_Adv,
animal_N,N,mapped,kafshë_N,
answer_V2S,V2S,mapped,përgjigjem_V,
apartment_N,N,mapped,apartament_N,
apple_N,N,mapped,mollë_N,
art_N,N,mapped,art_N,
ashes_N,N,mapped,hi_N,
ask_V2Q,V2Q,mapped,pyes_V,
baby_N,N,mapped,foshnjë_N,
back_N,N,mapped,shpinë_N,
bad_A,A,mapped,keq_A,
bank_N,N,mapped,bankë_N,
bark_N,N,mapped,lëvore_N,
beautiful_A,A,mapped,bukur_A,
become_VA,VA,mapped,bëhem_V,
beer_N,N,mapped,birrë_N,
beg_V2V,V2V,mapped,lutem_V,
belly_N,N,mapped,bark_N,
big_A,A,mapped,madh_A,
bike_N,N,mapped,biçikletë_N,
bird_N,N,mapped,zog_N,
bite_V2,V2,mapped,kafshoj_V,
black_A,A,mapped,zi_A,
blood_N,N,mapped,gjak_N,
blow_V,V,mapped,fryj_V,
blue_A,A,mapped,kaltër_A,
boat_N,N,mapped,varkë_N,
bone_N,N,mapped,kockë_N,
book_N,N,mapped,libër_N,
boot_N,N,mapped,çizme_N,
boss_N,N,mapped,shef_N,
boy_N,N,mapped,djalë_N,
bread_N,N,mapped,bukë_N,
break_V2,V2,mapped,thyej_V,
breast_N,N,mapped,gji_N,
breathe_V,V,mapped,frymoj_V,
broad_A,A,mapped,gjerë_A,
brother_N2,N2,mapped,vëlla_N,
brown_A,A,mapped,kafe_A,
burn_V,V,mapped,digjem_V,
butter_N,N,mapped,gjalpë_N,
buy_V2,V2,mapped,blej_V,
camera_N,N,mapped,kamerë_N,
cap_N,N,mapped,kapelë_N,
car_N,N,mapped,makinë_N,
carpet_N,N,mapped,qilim_N,
cat_N,N,mapped,mace_N,
ceiling_N,N,mapped,tavan_N,
chair_N,N,mapped,karrige_N,
cheese_N,N,mapped,djathë_N,
child_N,N,mapped,fëmijë_N,
church_N,N,mapped,kishë_N,
city_N,N,mapped,qytet_N,
clean_A,A,mapped,pastër_A,
clever_A,A,mapped,zgjuar_A,
close_V2,V2,mapped,mbyll_V,
cloud_N,N,mapped,re_N,
coat_N,N,mapped,pallto_N,
cold_A,A,mapped,ftohtë_A,
come_V,V,mapped,vij_V,
computer_N,N,mapped,kompjuter_N,
correct_A,A,mapped,saktë_A,
country_N,N,mapped,vend_N,
count_V2,V2,mapped,numëroj_V,
cousin_N,N,mapped,kushëri_N,
cow_N,N,mapped,lopë_N,
cut_V2,V2,mapped,pres_V,
day_N,N,mapped,ditë_N,
die_V,V,mapped,vdes_V,
dig_V,V,mapped,gërmoj_V,
dirty_A,A,mapped,pis_A,
distance_N3,N3,mapped,distancë_N,
doctor_N,N,mapped,mjek_N,
dog_N,N,mapped,qen_N,
door_N,N,mapped,derë_N,
do_V2,V2,mapped,bëj_V,
drink_V2,V2,mapped,pi_V,
dry_A,A,mapped,thatë_A,
dull_A,A,mapped,mërzitshëm_A,
dust_N,N,mapped,pluhur_N,
ear_N,N,mapped,vesh_N,
earth_N,N,mapped,tokë_N,
easy_A2V,A2V,mapped,lehtë_A,
eat_V2,V2,mapped,ha_V,
egg_N,N,mapped,vezë_N,
empty_A,A,mapped,bosh_A,
enemy_N,N,mapped,armik_N,
eye_N,N,mapped,sy_N,
factory_N,N,mapped,fabrikë_N,
fall_V,V,mapped,rrëzohem_V,
far_Adv,Adv,mapped,larg_Adv,
father_N2,N2,mapped,baba_N,
fat_N,N,mapped,dhjamë_N,
fear_VS,VS,mapped,druaj_V,
fear_V2,V2,mapped,druaj_V,
feather_N,N,mapped,pendë_N,
fight_V2,V2,mapped,luftoj_V,
find_V2,V2,mapped,gjej_V,
fingernail_N,N,mapped,thua_N,
fire_N,N,mapped,zjarr_N,
fish_N,N,mapped,peshk_N,
float_V,V,mapped,pluskoj_V,
floor_N,N,mapped,dysheme_N,
flower_N,N,mapped,lule_N,
flow_V,V,mapped,rrjedh_V,
fly_V,V,mapped,fluturoj_V,
fog_N,N,mapped,mjegull_N,
foot_N,N,mapped,këmbë_N,
forest_N,N,mapped,pyll_N,
forget_V2,V2,mapped,harroj_V,
freeze_V,V,mapped,ngrij_V,
fridge_N,N,mapped,frigorifer_N,
friend_N,N,mapped,mik_N,
fruit_N,N,mapped,frut_N,
full_A,A,mapped,plot_A,
fun_AV,AV,mapped,zbavitës_A,
garden_N,N,mapped,kopsht_N,
girl_N,N,mapped,vajzë_N,
give_V3,V3,mapped,jap_V,
glove_N,N,mapped,dorezë_N,
gold_N,N,mapped,ar_N,
good_A,A,mapped,mirë_A,
go_V,V,mapped,shkoj_V,
grammar_N,N,mapped,gramatikë_N,
grass_N,N,mapped,bar_N,
green_A,A,mapped,gjelbër_A,
guts_N,N,mapped,zorrë_N,
hair_N,N,mapped,flok_N,
hand_N,N,mapped,dorë_N,
harbour_N,N,mapped,port_N,
hate_V2,V2,mapped,urrej_V,
hat_N,N,mapped,kapelë_N,
head_N,N,mapped,kokë_N,
heart_N,N,mapped,zemër_N,
hear_V2,V2,mapped,dëgjoj_V,
heavy_A,A,mapped,rëndë_A,
hill_N,N,mapped,kodër_N,
hit_V2,V2,mapped,godit_V,
hold_V2,V2,mapped,mbaj_V,
hope_VS,VS,mapped,shpresoj_V,
horn_N,N,mapped,bri_N,
horse_N,N,mapped,kalë_N,
hot_A,A,mapped,nxehtë_A,
house_N,N,mapped,shtëpi_N,
hunt_V2,V2,mapped,gjuaj_V,
husband_N,N,excluded/superseded,,same-base noun superseded by explicit mkNFull lemgram
ice_N,N,mapped,akull_N,
important_A,A,mapped,rëndësishëm_A,
industry_N,N,mapped,industri_N,
iron_N,N,mapped,hekur_N,
john_PN,PN,mapped,Gjon_PN,
jump_V,V,mapped,kërcej_V,
kill_V2,V2,mapped,vras_V,
king_N,N,mapped,mbret_N,
knee_N,N,mapped,gju_N,
know_V2,V2,mapped,njoh_V,
know_VQ,VQ,mapped,kuptoj_V,
know_VS,VS,mapped,kuptoj_V,
lake_N,N,mapped,liqen_N,
lamp_N,N,mapped,llambë_N,
language_N,N,mapped,gjuhë_N,
laugh_V,V,mapped,qesh_V,
leaf_N,N,mapped,gjethe_N,
learn_V2,V2,mapped,mësoj_V,
leather_N,N,mapped,lëkurë_N,
leave_V2,V2,mapped,lë_V,
left_Ord,Ord,excluded/superseded,,Ord is outside selected MorphoDict lemgram categories and entries are multiword
leg_N,N,mapped,këmbë_N,
lie_V,V,mapped,gënjej_V,
like_V2,V2,mapped,pëlqej_V,
listen_V2,V2,mapped,dëgjoj_V,
liver_N,N,mapped,mëlçi_N,
live_V,V,mapped,jetoj_V,
long_A,A,mapped,gjatë_A,
lose_V2,V2,mapped,humb_V,
louse_N,N,mapped,morr_N,
love_N,N,mapped,dashuri_N,
love_V2,V2,mapped,dashuroj_V,
man_N,N,mapped,burrë_N,
married_A2,A2,mapped,martuar_A,
meat_N,N,mapped,mish_N,
milk_N,N,mapped,qumësht_N,
moon_N,N,mapped,hënë_N,
mother_N2,N2,mapped,nënë_N,
mountain_N,N,mapped,mal_N,
mouth_N,N,mapped,gojë_N,
music_N,N,mapped,muzikë_N,
name_N,N,mapped,emër_N,
narrow_A,A,mapped,ngushtë_A,
near_A,A,mapped,afër_A,
neck_N,N,mapped,qafë_N,
new_A,A,mapped,ri_A,
newspaper_N,N,mapped,gazetë_N,
night_N,N,mapped,natë_N,
nose_N,N,mapped,hundë_N,
now_Adv,Adv,mapped,tani_Adv,
number_N,N,mapped,numër_N,
oil_N,N,mapped,vaj_N,
old_A,A,mapped,vjetër_A,
open_V2,V2,mapped,hap_V,
paint_V2A,V2A,mapped,lyej_V,
paper_N,N,mapped,letër_N,
paris_PN,PN,mapped,Paris_PN,
peace_N,N,mapped,paqe_N,
pen_N,N,mapped,stilolaps_N,
person_N,N,mapped,person_N,
planet_N,N,mapped,planet_N,
plastic_N,N,mapped,plastikë_N,
play_V2,V2,mapped,luaj_V,
play_V,V,mapped,luaj_V,
policeman_N,N,mapped,polic_N,
priest_N,N,mapped,prift_N,
probable_AS,AS,mapped,mundshëm_A,
pull_V2,V2,mapped,tërheq_V,
push_V2,V2,mapped,shtyj_V,
put_V2,V2,mapped,vendos_V,
queen_N,N,mapped,mbretëreshë_N,
question_N,N,mapped,pyetje_N,
radio_N,N,mapped,radio_N,
rain_N,N,mapped,shi_N,
rain_V0,V0,excluded/superseded,,multiword excluded by MorphoDict convention
read_V2,V2,mapped,lexoj_V,
ready_A,A,mapped,gati_A,
reason_N,N,mapped,arsye_N,
red_A,A,mapped,kuq_A,
religion_N,N,mapped,fe_N,
restaurant_N,N,mapped,restorant_N,
right_Ord,Ord,excluded/superseded,,Ord is outside selected MorphoDict lemgram categories and entries are multiword
river_N,N,mapped,lumë_N,
road_N,N,mapped,rrugë_N,
rock_N,N,mapped,shkëmb_N,
roof_N,N,mapped,çati_N,
root_N,N,mapped,rrënjë_N,
rope_N,N,mapped,litar_N,
rotten_A,A,mapped,kalbur_A,
round_A,A,mapped,rrumbullakët_A,
rubber_N,N,mapped,gomë_N,
rub_V2,V2,mapped,fërkoj_V,
rule_N,N,mapped,rregull_N,
run_V,V,mapped,vrapoj_V,
salt_N,N,mapped,kripë_N,
sand_N,N,mapped,rërë_N,
say_VS,VS,mapped,them_V,
school_N,N,mapped,shkollë_N,
science_N,N,mapped,shkencë_N,
scratch_V2,V2,mapped,gërvisht_V,
sea_N,N,mapped,det_N,
seed_N,N,mapped,farë_N,
seek_V2,V2,mapped,kërkoj_V,
see_V2,V2,mapped,shoh_V,
sell_V3,V3,mapped,shes_V,
send_V3,V3,mapped,dërgoj_V,
sew_V,V,mapped,qep_V,
sharp_A,A,mapped,mprehtë_A,
sheep_N,N,mapped,dele_N,
ship_N,N,mapped,anije_N,
shirt_N,N,mapped,këmishë_N,
shoe_N,N,mapped,këpucë_N,
shop_N,N,mapped,dyqan_N,
short_A,A,mapped,shkurtër_A,
silver_N,N,mapped,argjend_N,
sing_V,V,mapped,këndoj_V,
sister_N,N,mapped,motër_N,
sit_V,V,mapped,ulem_V,
skin_N,N,mapped,lëkurë_N,
sky_N,N,mapped,qiell_N,
sleep_V,V,mapped,fle_V,
small_A,A,mapped,vogël_A,
smell_V,V,mapped,nuhas_V,
smoke_N,N,mapped,tym_N,
smooth_A,A,mapped,lëmuar_A,
snake_N,N,mapped,gjarpër_N,
snow_N,N,mapped,borë_N,
sock_N,N,mapped,çorap_N,
song_N,N,mapped,këngë_N,
speak_V2,V2,mapped,flas_V,
spit_V,V,mapped,pështyj_V,
split_V2,V2,mapped,ndaj_V,
squeeze_V2,V2,mapped,shtrydh_V,
stab_V2,V2,mapped,ther_V,
stand_V,V,mapped,qëndroj_V,
star_N,N,mapped,yll_N,
steel_N,N,mapped,çelik_N,
stick_N,N,mapped,shkop_N,
stone_N,N,mapped,gur_N,
stop_V,V,mapped,ndalem_V,
stove_N,N,mapped,sobë_N,
straight_A,A,mapped,drejt_A,
student_N,N,mapped,student_N,
stupid_A,A,mapped,budalla_A,
suck_V2,V2,mapped,thith_V,
sun_N,N,mapped,diell_N,
swell_V,V,mapped,fryhem_V,
swim_V,V,mapped,notoj_V,
switch8off_V2,V2,mapped,fik_V,
switch8on_V2,V2,mapped,ndez_V,
table_N,N,mapped,tryezë_N,
tail_N,N,mapped,bisht_N,
talk_V3,V3,mapped,flas_V,
teacher_N,N,mapped,mësues_N,
teach_V2,V2,mapped,mësoj_V,
television_N,N,mapped,televizor_N,
thick_A,A,mapped,trashë_A,
thin_A,A,mapped,hollë_A,
think_V,V,mapped,mendoj_V,
throw_V2,V2,mapped,hedh_V,
tie_V2,V2,mapped,lidh_V,
today_Adv,Adv,mapped,sot_Adv,
tongue_N,N,mapped,gjuhë_N,
tooth_N,N,mapped,dhëmb_N,
train_N,N,mapped,tren_N,
travel_V,V,mapped,udhëtoj_V,
tree_N,N,mapped,pemë_N,
turn_V,V,mapped,kthehem_V,
ugly_A,A,mapped,shëmtuar_A,
uncertain_A,A,mapped,pasigurt_A,
understand_V2,V2,mapped,kuptoj_V,
university_N,N,mapped,universitet_N,
village_N,N,mapped,fshat_N,
vomit_V,V,mapped,vjell_V,
wait_V2,V2,mapped,pres_V,
walk_V,V,mapped,shëtis_V,
warm_A,A,mapped,ngrohtë_A,
war_N,N,mapped,luftë_N,
wash_V2,V2,mapped,laj_V,
watch_V2,V2,mapped,shikoj_V,
water_N,N,mapped,ujë_N,
wet_A,A,mapped,lagur_A,
white_A,A,mapped,bardhë_A,
wide_A,A,mapped,gjerë_A,
wife_N,N,mapped,grua_N,
wind_N,N,mapped,erë_N,
window_N,N,mapped,dritare_N,
wine_N,N,mapped,verë_N,
wing_N,N,mapped,krah_N,
win_V2,V2,mapped,fitoj_V,
wipe_V2,V2,mapped,fshij_V,
woman_N,N,mapped,grua_N,
wonder_VQ,VQ,excluded/superseded,,multiword excluded by MorphoDict convention
wood_N,N,mapped,dru_N,
worm_N,N,mapped,krimb_N,
write_V2,V2,mapped,shkruaj_V,
year_N,N,mapped,vit_N,
yellow_A,A,mapped,verdhë_A,
young_A,A,mapped,ri_A,
